year,month_name,month,date,civilian_pop,employment_level,total_labor_force,overall_unemployment_rate,women_pop,women_lf_level,women_ee_level,women_lf_part_rate,women_not_in_labor_force,women_unempl_level,womens_unempl_rate,men_unempl_level,men_lf_level,mens_unempl_rate
1948,Jan,1,1948-01-01,102603,56339,58690,4.0,48365,14540,14094,30.1,33825,446,3.1,1511,40238,3.8
1948,Feb,2,1948-02-01,102698,56440,59247,4.7,48423,14879,14229,30.7,33544,650,4.4,1694,40330,4.2
1948,Mar,3,1948-03-01,102771,56601,59247,4.5,48482,14885,14293,30.7,33597,592,4.0,1614,40269,4.0
1948,Apr,4,1948-04-01,102831,57471,59878,4.0,48529,15312,14751,31.6,33217,561,3.7,1482,40432,3.7
1948,May,5,1948-05-01,102923,57763,59777,3.4,48590,15329,14838,31.5,33261,491,3.2,1245,40413,3.1
1948,Jun,6,1948-06-01,102992,59724,62132,3.9,48654,16064,15472,33.0,32590,592,3.7,1108,40768,2.7
1948,Jul,7,1948-07-01,103216,59955,62366,3.9,48755,15723,15119,32.2,33032,604,3.8,1195,41105,2.9
1948,Aug,8,1948-08-01,103240,59677,61915,3.6,48799,15532,14897,31.8,33267,635,4.1,1177,41118,2.9
1948,Sep,9,1948-09-01,103291,59337,61398,3.4,48860,16042,15462,32.8,32818,580,3.6,1146,40947,2.8
1948,Oct,10,1948-10-01,103361,59290,61037,2.9,48926,15920,15410,32.5,33006,510,3.2,981,40900,2.4
1948,Nov,11,1948-11-01,103424,58991,61024,3.3,48982,15971,15418,32.6,33011,553,3.5,1163,40926,2.8
1948,Dec,12,1948-12-01,103468,58554,60759,3.6,49037,15809,15255,32.2,33228,554,3.5,1344,40800,3.3
1949,Jan,1,1949-01-01,103529,56486,59481,5.0,49090,15159,14531,30.9,33931,628,4.1,1923,40514,4.7
1949,Feb,2,1949-02-01,103559,56320,59794,5.8,49142,15311,14603,31.2,33831,708,4.6,2292,40577,5.6
1949,Mar,3,1949-03-01,103665,56809,60192,5.6,49200,15395,14766,31.3,33805,629,4.1,2267,40838,5.6
1949,Apr,4,1949-04-01,103739,56929,60206,5.4,49254,15403,14679,31.3,33851,724,4.7,2081,40877,5.1
1949,May,5,1949-05-01,103845,57669,61185,5.7,49311,16137,15317,32.7,33174,820,5.1,2154,40918,5.3
1949,Jun,6,1949-06-01,103930,58231,62197,6.4,49367,16167,15302,32.7,33200,865,5.4,2163,41106,5.3
1949,Jul,7,1949-07-01,104042,58171,62559,7.0,49428,16048,15041,32.5,33380,1007,6.3,2547,41291,6.2
1949,Aug,8,1949-08-01,104121,58504,62460,6.3,49488,16096,15071,32.5,33392,1025,6.4,2293,41314,5.6
1949,Sep,9,1949-09-01,104219,58324,61959,5.9,49543,16328,15373,33.0,33215,955,5.8,2115,41302,5.1
1949,Oct,10,1949-10-01,104338,58050,61838,6.1,49610,16518,15629,33.3,33092,889,5.4,2419,41211,5.9
1949,Nov,11,1949-11-01,104421,58616,62186,5.7,49660,16804,15839,33.8,32856,965,5.7,2108,41246,5.1
1949,Dec,12,1949-12-01,104524,57712,61402,6.0,49724,16365,15487,32.9,33359,878,5.4,2270,41074,5.5
1950,Jan,1,1950-01-01,104619,56189,60837,7.6,49771,16020,14917,32.2,33751,1103,6.9,2882,41062,7.0
1950,Feb,2,1950-02-01,104737,56197,60988,7.9,49827,16096,15004,32.3,33731,1092,6.8,3041,41086,7.4
1950,Mar,3,1950-03-01,104844,56733,61046,7.1,49884,16149,15171,32.4,33735,978,6.1,2802,41211,6.8
1950,Apr,4,1950-04-01,104943,57812,61477,6.0,49942,16388,15565,32.8,33554,823,5.0,2429,41326,5.9
1950,May,5,1950-05-01,105014,58719,61982,5.3,49987,16650,15823,33.3,33337,827,5.0,1930,41420,4.7
1950,Jun,6,1950-06-01,105104,59997,63548,5.6,50040,17108,16180,34.2,32932,928,5.4,1779,41559,4.3
1950,Jul,7,1950-07-01,105194,59839,63155,5.3,50099,16341,15503,32.6,33758,838,5.1,1826,41648,4.4
1950,Aug,8,1950-08-01,105282,60948,63561,4.1,50186,16700,15980,33.3,33486,720,4.3,1443,41745,3.5
1950,Sep,9,1950-09-01,105269,60245,62735,4.0,50244,16853,16097,33.5,33391,756,4.5,1328,41614,3.2
1950,Oct,10,1950-10-01,105096,60708,62763,3.3,50308,17319,16661,34.4,32989,658,3.8,1074,41210,2.6
1950,Nov,11,1950-11-01,104979,60313,62669,3.8,50363,17469,16631,34.7,32894,838,4.8,1186,41126,2.9
1950,Dec,12,1950-12-01,104872,59352,61761,3.9,50417,17038,16354,33.8,33379,684,4.0,1343,40790,3.3
1951,Jan,1,1951-01-01,104844,58166,60815,4.4,50464,16706,15927,33.1,33758,779,4.7,1522,40516,3.8
1951,Feb,2,1951-02-01,104604,58102,60640,4.2,50516,16666,15912,33.0,33850,754,4.5,1450,40388,3.6
1951,Mar,3,1951-03-01,104629,59366,61689,3.8,50574,17151,16357,33.9,33423,794,4.6,1216,40782,3.0
1951,Apr,4,1951-04-01,104541,59206,61144,3.2,50621,16885,16204,33.4,33736,681,4.0,995,40616,2.4
1951,May,5,1951-05-01,104491,60219,61989,2.9,50669,17448,16790,34.4,33221,658,3.8,859,40663,2.1
1951,Jun,6,1951-06-01,104488,60373,62505,3.4,50719,17120,16476,33.8,33599,644,3.8,919,40736,2.3
1951,Jul,7,1951-07-01,104504,60968,63040,3.3,50778,17204,16582,33.9,33574,622,3.6,954,40712,2.3
1951,Aug,8,1951-08-01,104536,61128,62934,2.9,50832,17070,16482,33.6,33762,588,3.4,878,40826,2.2
1951,Sep,9,1951-09-01,104588,60408,62294,3.0,50886,17464,16744,34.3,33422,720,4.1,862,40672,2.1
1951,Oct,10,1951-10-01,104690,60906,62660,2.8,50942,17868,17198,35.1,33074,670,3.7,856,40768,2.1
1951,Nov,11,1951-11-01,104740,60464,62454,3.2,50998,17866,17120,35.0,33132,746,4.2,928,40698,2.3
1951,Dec,12,1951-12-01,104810,60252,62048,2.9,51050,17664,17048,34.6,33386,616,3.5,914,40484,2.3
1952,Jan,1,1952-01-01,104862,58884,61142,3.7,51096,17180,16534,33.6,33916,646,3.8,1230,40348,3.0
1952,Feb,2,1952-02-01,104868,58834,61174,3.8,51146,17204,16526,33.6,33942,678,3.9,1312,40346,3.3
1952,Mar,3,1952-03-01,104860,58912,60914,3.3,51192,17022,16470,33.3,34170,552,3.2,1152,40292,2.9
1952,Apr,4,1952-04-01,104906,59232,61068,3.0,51238,17030,16470,33.2,34208,560,3.3,1022,40376,2.5
1952,May,5,1952-05-01,104996,60250,62032,2.9,51288,17614,17036,34.3,33674,578,3.3,862,40532,2.1
1952,Jun,6,1952-06-01,105118,60988,63020,3.2,51346,17412,16898,33.9,33934,514,3.0,930,40786,2.3
1952,Jul,7,1952-07-01,105246,60775,62860,3.3,51400,16968,16427,33.0,34432,541,3.2,1062,40862,2.6
1952,Aug,8,1952-08-01,105346,60872,62790,3.1,51450,17236,16660,33.5,34214,576,3.3,1008,40732,2.5
1952,Sep,9,1952-09-01,105436,61162,62890,2.7,51502,18220,17698,35.4,33282,522,2.9,894,40634,2.2
1952,Oct,10,1952-10-01,105591,60992,62472,2.4,51556,18052,17522,35.0,33504,530,2.9,702,40532,1.7
1952,Nov,11,1952-11-01,105706,61394,62988,2.5,51608,18496,17932,35.8,33112,564,3.0,752,40548,1.9
1952,Dec,12,1952-12-01,105812,60748,62293,2.5,51656,17764,17322,34.4,33892,442,2.5,835,40708,2.1
1953,Jan,1,1953-01-01,106594,60134,62266,3.4,51875,17647,17127,34.0,34228,520,2.9,1334,40996,3.3
1953,Feb,2,1953-02-01,106678,60271,62235,3.2,51911,17483,16999,33.7,34428,484,2.8,1188,41001,2.9
1953,Mar,3,1953-03-01,106744,60874,62702,2.9,51950,17741,17203,34.2,34209,538,3.0,1034,41221,2.5
1953,Apr,4,1953-04-01,106826,60757,62521,2.8,51986,17555,17101,33.8,34431,454,2.6,1070,41186,2.6
1953,May,5,1953-05-01,106910,61061,62597,2.5,52034,17551,17147,33.7,34483,404,2.3,894,41323,2.2
1953,Jun,6,1953-06-01,106978,62166,63898,2.7,52086,17727,17303,34.0,34359,424,2.4,822,41485,2.0
1953,Jul,7,1953-07-01,107034,62186,63896,2.7,52134,17406,16974,33.4,34728,432,2.5,886,41557,2.1
1953,Aug,8,1953-08-01,107132,62271,63783,2.4,52180,17326,16868,33.2,34854,458,2.6,768,41593,1.8
1953,Sep,9,1953-09-01,107253,61529,63148,2.6,52233,17830,17274,34.1,34403,556,3.1,814,41362,2.0
1953,Oct,10,1953-10-01,107383,61805,63377,2.5,52282,18290,17784,35.0,33992,506,2.8,788,41323,1.9
1953,Nov,11,1953-11-01,107504,61302,63319,3.2,52328,18055,17422,34.5,34273,633,3.5,1099,41482,2.6
1953,Dec,12,1953-12-01,107623,59796,62430,4.2,52370,17475,16767,33.4,34895,708,4.1,1529,41240,3.7
1954,Jan,1,1954-01-01,107763,58645,62206,5.7,52421,17281,16268,33.0,35140,1013,5.9,2068,41276,5.0
1954,Feb,2,1954-02-01,107880,59059,63042,6.3,52461,17792,16761,33.9,34669,1031,5.8,2386,41549,5.7
1954,Mar,3,1954-03-01,107987,59119,63156,6.4,52503,17954,16853,34.2,34549,1101,6.1,2444,41475,5.9
1954,Apr,4,1954-04-01,108080,59537,63383,6.1,52541,17946,16885,34.2,34595,1061,5.9,2329,41707,5.6
1954,May,5,1954-05-01,108184,60020,63678,5.7,52589,18232,17184,34.7,34357,1048,5.7,2099,41678,5.0
1954,Jun,6,1954-06-01,108267,60497,64178,5.7,52624,17866,16861,34.0,34758,1005,5.6,1978,41786,4.7
1954,Jul,7,1954-07-01,108344,60523,64202,5.7,52659,17463,16476,33.2,35196,987,5.7,2015,41812,4.8
1954,Aug,8,1954-08-01,108440,60858,64328,5.4,52711,17596,16590,33.4,35115,1006,5.7,1924,41978,4.6
1954,Sep,9,1954-09-01,108546,60952,64385,5.3,52758,18490,17415,35.0,34268,1075,5.8,1885,41926,4.5
1954,Oct,10,1954-10-01,108668,61210,64139,4.6,52811,18634,17780,35.3,34177,854,4.6,1720,41726,4.1
1954,Nov,11,1954-11-01,108798,60901,64016,4.9,52863,18646,17638,35.3,34217,1008,5.4,1739,41696,4.2
1954,Dec,12,1954-12-01,108892,59990,62999,4.8,52911,18067,17290,34.1,34844,777,4.3,1831,41421,4.4
1955,Jan,1,1955-01-01,109059,59354,63023,5.8,52955,18012,17030,34.0,34943,982,5.5,2245,41555,5.4
1955,Feb,2,1955-02-01,109078,59336,62905,5.7,52976,18049,17155,34.1,34927,894,5.0,2248,41482,5.4
1955,Mar,3,1955-03-01,109254,59850,63147,5.2,53047,18031,17236,34.0,35016,795,4.4,2123,41701,5.1
1955,Apr,4,1955-04-01,109377,60861,64023,4.9,53085,18547,17748,34.9,34538,799,4.3,2013,41880,4.8
1955,May,5,1955-05-01,109544,61780,64470,4.2,53152,18692,17911,35.2,34460,781,4.2,1485,42016,3.5
1955,Jun,6,1955-06-01,109680,62568,65461,4.4,53208,18617,17841,35.0,34591,776,4.2,1381,42184,3.3
1955,Jul,7,1955-07-01,109792,63497,66159,4.0,53268,18605,17844,34.9,34663,761,4.1,1332,42436,3.1
1955,Aug,8,1955-08-01,109882,63876,66412,3.8,53320,18922,18083,35.5,34398,839,4.4,1236,42479,2.9
1955,Sep,9,1955-09-01,109977,63676,66014,3.5,53369,19474,18632,36.5,33895,842,4.3,1095,42382,2.6
1955,Oct,10,1955-10-01,110085,64138,66422,3.4,53417,19858,19047,37.2,33559,811,4.1,1118,42432,2.6
1955,Nov,11,1955-11-01,110177,63840,66376,3.8,53466,19700,18857,36.8,33766,843,4.3,1253,42459,3.0
1955,Dec,12,1955-12-01,110296,63268,65869,3.9,53523,19388,18635,36.2,34135,753,3.9,1433,42274,3.4
1956,Jan,1,1956-01-01,110390,62049,65115,4.7,53557,19031,18183,35.5,34526,848,4.5,1788,42284,4.2
1956,Feb,2,1956-02-01,110478,61773,64865,4.8,53599,18887,18131,35.2,34712,756,4.0,1863,42228,4.4
1956,Mar,3,1956-03-01,110582,62172,65267,4.7,53644,19121,18273,35.6,34523,848,4.4,1824,42442,4.3
1956,Apr,4,1956-04-01,110650,63002,65712,4.1,53675,19367,18539,36.1,34308,828,4.3,1504,42569,3.5
1956,May,5,1956-05-01,110810,64045,66844,4.2,53754,20012,19155,37.2,33742,857,4.3,1428,42719,3.3
1956,Jun,6,1956-06-01,110903,64707,67886,4.7,53791,19630,18792,36.5,34161,838,4.3,1384,42982,3.2
1956,Jul,7,1956-07-01,111019,64940,67924,4.4,53840,19455,18469,36.1,34385,986,5.1,1340,42946,3.1
1956,Aug,8,1956-08-01,111099,65085,67552,3.7,53882,19404,18557,36.0,34478,847,4.4,1199,42968,2.8
1956,Sep,9,1956-09-01,111222,64831,67104,3.4,53935,20136,19335,37.3,33799,801,4.0,1122,42750,2.6
1956,Oct,10,1956-10-01,111335,65074,67165,3.1,53989,20356,19617,37.7,33633,739,3.6,1028,42725,2.4
1956,Nov,11,1956-11-01,111432,64310,66909,3.9,54037,20084,19219,37.2,33953,865,4.3,1281,42759,3.0
1956,Dec,12,1956-12-01,111526,63619,66279,4.0,54082,19695,18928,36.4,34387,767,3.9,1543,42522,3.6
1957,Jan,1,1957-01-01,111626,61974,65180,4.9,54129,19204,18263,35.5,34925,941,4.9,1809,42252,4.3
1957,Feb,2,1957-02-01,111711,62512,65597,4.7,54169,19524,18678,36.0,34645,846,4.3,1810,42348,4.3
1957,Mar,3,1957-03-01,111824,63134,65956,4.3,54224,19631,18863,36.2,34593,768,3.9,1618,42533,3.8
1957,Apr,4,1957-04-01,111933,63512,66139,4.0,54280,19644,18935,36.2,34636,709,3.6,1521,42644,3.6
1957,May,5,1957-05-01,112031,64213,66848,3.9,54326,20009,19211,36.8,34317,798,4.0,1353,42844,3.2
1957,Jun,6,1957-06-01,112172,65127,68258,4.6,54396,19842,19011,36.5,34554,831,4.2,1402,43228,3.2
1957,Jul,7,1957-07-01,112317,65726,68569,4.1,54457,19847,19014,36.4,34610,833,4.2,1327,43202,3.1
1957,Aug,8,1957-08-01,112421,65009,67535,3.7,54510,19478,18680,35.7,35032,798,4.1,1258,43011,2.9
1957,Sep,9,1957-09-01,112554,64769,67272,3.7,54560,20169,19363,37.0,34391,806,4.0,1307,42937,3.0
1957,Oct,10,1957-10-01,112710,65112,67577,3.6,54617,20567,19796,37.7,34050,771,3.7,1337,42869,3.1
1957,Nov,11,1957-11-01,112874,64129,67256,4.6,54667,20378,19427,37.3,34289,951,4.7,1690,42796,3.9
1957,Dec,12,1957-12-01,113013,63598,66930,5.0,54712,20173,19374,36.9,34539,799,4.0,2062,42701,4.8
1958,Jan,1,1958-01-01,113138,61508,65972,6.8,54751,19727,18571,36.0,35024,1156,5.9,2759,42616,6.5
1958,Feb,2,1958-02-01,113234,61265,66381,7.7,54793,19955,18623,36.4,34838,1332,6.7,3198,42719,7.5
1958,Mar,3,1958-03-01,113337,61567,66722,7.7,54842,20147,18871,36.7,34695,1276,6.3,3318,42882,7.7
1958,Apr,4,1958-04-01,113415,62116,67180,7.5,54882,20355,18982,37.1,34527,1373,6.7,3073,42982,7.1
1958,May,5,1958-05-01,113534,63098,67930,7.1,54928,20624,19299,37.5,34304,1325,6.4,2804,43207,6.5
1958,Jun,6,1958-06-01,113647,63652,68875,7.6,54977,20340,19014,37.0,34637,1326,6.5,2752,43409,6.3
1958,Jul,7,1958-07-01,113727,63810,68908,7.4,55013,20052,18738,36.4,34961,1314,6.6,2779,43465,6.4
1958,Aug,8,1958-08-01,113835,64018,68625,6.7,55052,20088,18745,36.5,34964,1343,6.7,2601,43427,6.0
1958,Sep,9,1958-09-01,113977,63766,67824,6.0,55101,20472,19247,37.2,34629,1225,6.0,2190,43156,5.1
1958,Oct,10,1958-10-01,114138,64480,68230,5.5,55159,20796,19663,37.7,34363,1133,5.4,2072,43246,4.8
1958,Nov,11,1958-11-01,114283,63890,67675,5.6,55212,20555,19480,37.2,34657,1075,5.2,2132,43068,5.0
1958,Dec,12,1958-12-01,114429,63266,67334,6.0,55261,20314,19291,36.8,34947,1023,5.0,2497,42929,5.8
1959,Jan,1,1959-01-01,114582,62052,66730,7.0,55308,20095,18829,36.3,35213,1266,6.3,2850,42794,6.7
1959,Feb,2,1959-02-01,114712,62015,66713,7.0,55352,20092,18855,36.3,35260,1237,6.2,2926,42791,6.8
1959,Mar,3,1959-03-01,114849,63091,67389,6.4,55396,20494,19314,37.0,34902,1180,5.8,2577,43029,6.0
1959,Apr,4,1959-04-01,114986,64241,67799,5.2,55442,20559,19513,37.1,34883,1046,5.1,1933,43166,4.5
1959,May,5,1959-05-01,115144,65036,68363,4.9,55493,20956,19946,37.8,34537,1010,4.8,1689,43235,3.9
1959,Jun,6,1959-06-01,115287,65924,69704,5.4,55540,20709,19699,37.3,34831,1010,4.9,1659,43520,3.8
1959,Jul,7,1959-07-01,115429,66193,69798,5.2,55591,20322,19276,36.6,35269,1046,5.1,1691,43701,3.9
1959,Aug,8,1959-08-01,115555,65897,69244,4.8,55642,20178,19193,36.3,35464,985,4.9,1650,43596,3.8
1959,Sep,9,1959-09-01,115668,65414,68609,4.7,55695,20724,19753,37.2,34971,971,4.7,1662,43465,3.8
1959,Oct,10,1959-10-01,115798,65891,69122,4.7,55747,21284,20247,38.2,34463,1037,4.9,1630,43483,3.7
1959,Nov,11,1959-11-01,115916,64877,68513,5.3,55794,20913,19887,37.5,34881,1026,4.9,2021,43337,4.7
1959,Dec,12,1959-12-01,116040,64927,68448,5.1,55845,20731,19784,37.1,35114,947,4.6,1970,43347,4.5
1960,Jan,1,1960-01-01,116594,63375,67494,6.1,56087,20268,19171,36.1,35819,1097,5.4,2417,43201,5.6
1960,Feb,2,1960-02-01,116702,63871,67757,5.7,56131,20462,19444,36.5,35669,1018,5.0,2306,43195,5.3
1960,Mar,3,1960-03-01,116827,63607,67771,6.1,56183,20502,19448,36.5,35681,1054,5.1,2454,43169,5.7
1960,Apr,4,1960-04-01,116910,65450,69057,5.2,56216,21172,20194,37.7,35044,978,4.6,2025,43466,4.7
1960,May,5,1960-05-01,117033,66342,69722,4.8,56259,21507,20552,38.2,34752,955,4.4,1740,43589,4.0
1960,Jun,6,1960-06-01,117167,67288,71460,5.8,56310,21359,20292,37.9,34951,1067,5.0,1787,43849,4.1
1960,Jul,7,1960-07-01,117281,67239,71123,5.5,56363,21047,19915,37.3,35316,1132,5.4,1863,43809,4.3
1960,Aug,8,1960-08-01,117431,67004,70715,5.2,56419,20968,19876,37.2,35451,1092,5.2,1890,43857,4.3
1960,Sep,9,1960-09-01,117521,66892,70207,4.7,56474,21709,20690,38.4,34765,1019,4.7,1703,43765,3.9
1960,Oct,10,1960-10-01,117643,66563,70100,5.0,56532,21695,20585,38.4,34837,1110,5.1,1806,43749,4.1
1960,Nov,11,1960-11-01,117829,66394,70361,5.6,56625,21960,20698,38.8,34665,1262,5.7,2085,43840,4.8
1960,Dec,12,1960-12-01,118001,65287,69757,6.4,56705,21563,20389,38.0,35142,1174,5.4,2638,43735,6.0
1961,Jan,1,1961-01-01,118155,63797,69132,7.7,56776,21216,19825,37.4,35560,1391,6.6,3211,43702,7.3
1961,Feb,2,1961-02-01,118250,63869,69523,8.1,56824,21614,20081,38.0,35210,1533,7.1,3363,43700,7.7
1961,Mar,3,1961-03-01,118358,64700,70123,7.7,56870,21955,20476,38.6,34915,1479,6.7,3190,43859,7.3
1961,Apr,4,1961-04-01,118503,64957,69844,7.0,56932,21688,20277,38.1,35244,1411,6.5,2773,43814,6.3
1961,May,5,1961-05-01,118638,65831,70502,6.6,56990,22044,20674,38.7,34946,1370,6.2,2522,43866,5.7
1961,Jun,6,1961-06-01,118767,67151,72464,7.3,57046,21954,20468,38.5,35092,1486,6.8,2330,44195,5.3
1961,Jul,7,1961-07-01,118889,66911,71872,6.9,57104,21303,19852,37.3,35801,1451,6.8,2383,44109,5.4
1961,Aug,8,1961-08-01,119006,67028,71468,6.2,57168,21151,19842,37.0,36017,1309,6.2,2275,44096,5.2
1961,Sep,9,1961-09-01,119107,66036,70070,5.8,57229,21518,20202,37.6,35711,1316,6.1,1973,43826,4.5
1961,Oct,10,1961-10-01,119202,66786,70649,5.5,57293,22127,20808,38.6,35166,1319,6.0,1880,43858,4.3
1961,Nov,11,1961-11-01,119153,66348,70289,5.6,57352,21864,20631,38.1,35488,1233,5.6,2008,43772,4.6
1961,Dec,12,1961-12-01,119214,65531,69572,5.8,57409,21534,20421,37.5,35875,1113,5.2,2309,43525,5.3
1962,Jan,1,1962-01-01,119300,64215,68836,6.7,57459,21421,20058,37.3,36038,1363,6.4,2591,43265,6.0
1962,Feb,2,1962-02-01,119360,64872,69353,6.5,57520,21669,20424,37.7,35851,1245,5.7,2548,43465,5.9
1962,Mar,3,1962-03-01,119476,65421,69744,6.2,57580,21825,20620,37.9,35755,1205,5.5,2458,43588,5.6
1962,Apr,4,1962-04-01,119702,65957,69820,5.5,57619,21794,20710,37.8,35825,1084,5.0,2115,43603,4.9
1962,May,5,1962-05-01,119813,67066,70658,5.1,57675,22036,20988,38.2,35639,1048,4.8,1807,43850,4.1
1962,Jun,6,1962-06-01,119943,67852,72071,5.9,57734,21716,20585,37.6,36018,1131,5.2,1847,44135,4.2
1962,Jul,7,1962-07-01,120128,67849,71678,5.3,57861,21316,20178,36.8,36545,1138,5.3,1803,43985,4.1
1962,Aug,8,1962-08-01,120323,68096,71938,5.3,57931,21624,20353,37.3,36307,1271,5.9,1886,44231,4.3
1962,Sep,9,1962-09-01,120653,67621,71076,4.9,58006,22311,21067,38.5,35695,1244,5.6,1621,44053,3.7
1962,Oct,10,1962-10-01,120856,67850,71084,4.5,58078,22409,21270,38.6,35669,1139,5.1,1536,44040,3.5
1962,Nov,11,1962-11-01,121045,67046,70772,5.3,58148,22283,21078,38.3,35865,1205,5.4,1826,43968,4.2
1962,Dec,12,1962-12-01,121236,66585,70345,5.3,58220,22013,20983,37.8,36207,1030,4.7,2151,43786,4.9
1963,Jan,1,1963-01-01,121463,65168,69795,6.6,58282,21814,20514,37.4,36468,1300,6.0,2663,43746,6.1
1963,Feb,2,1963-02-01,121633,65519,70389,6.9,58342,22179,20860,38.0,36163,1319,5.9,2787,43911,6.3
1963,Mar,3,1963-03-01,121824,66329,70771,6.3,58412,22413,21215,38.4,35999,1198,5.3,2499,44025,5.7
1963,Apr,4,1963-04-01,121986,67240,71233,5.6,58468,22601,21454,38.7,35867,1147,5.1,2066,44032,4.7
1963,May,5,1963-05-01,122162,67984,71933,5.5,58514,22796,21656,39.0,35718,1140,5.0,1770,44099,4.0
1963,Jun,6,1963-06-01,122352,68844,73398,6.2,58586,22390,21174,38.2,36196,1216,5.4,1745,44582,3.9
1963,Jul,7,1963-07-01,122521,69225,73365,5.6,58654,21988,20788,37.5,36666,1200,5.5,1723,44663,3.9
1963,Aug,8,1963-08-01,122667,69052,72807,5.2,58710,21927,20656,37.3,36783,1271,5.8,1683,44528,3.8
1963,Sep,9,1963-09-01,122821,68567,72037,4.8,58768,22649,21395,38.5,36119,1254,5.5,1454,44369,3.3
1963,Oct,10,1963-10-01,123014,68964,72358,4.7,58839,23066,21863,39.2,35773,1203,5.2,1466,44274,3.3
1963,Nov,11,1963-11-01,123192,68471,72329,5.3,58904,23139,21867,39.3,35765,1272,5.5,1769,44330,4.0
1963,Dec,12,1963-12-01,123360,67791,71579,5.3,58966,22714,21641,38.5,36252,1073,4.7,2023,44107,4.6
1964,Jan,1,1964-01-01,123560,66468,70986,6.4,59036,22470,21095,38.1,36566,1375,6.1,2406,44071,5.5
1964,Feb,2,1964-02-01,123707,67197,71658,6.2,59096,22908,21508,38.8,36188,1400,6.1,2348,44179,5.3
1964,Mar,3,1964-03-01,123857,67695,71920,5.9,59154,23074,21752,39.0,36080,1322,5.7,2148,44227,4.9
1964,Apr,4,1964-04-01,124019,68947,72778,5.3,59217,23506,22292,39.7,35711,1214,5.2,1786,44512,4.0
1964,May,5,1964-05-01,124204,69952,73480,4.8,59288,23617,22521,39.8,35671,1096,4.6,1467,44670,3.3
1964,Jun,6,1964-06-01,124386,70448,74901,5.9,59355,23152,21954,39.0,36203,1198,5.2,1609,44946,3.6
1964,Jul,7,1964-07-01,124567,70839,74514,4.9,59423,22477,21345,37.8,36946,1132,5.0,1510,45027,3.4
1964,Aug,8,1964-08-01,124731,70676,74227,4.8,59489,22623,21430,38.0,36866,1193,5.3,1501,44954,3.3
1964,Sep,9,1964-09-01,124920,69849,73111,4.5,59557,23073,21910,38.7,36484,1163,5.0,1378,44759,3.1
1964,Oct,10,1964-10-01,125108,70147,73345,4.4,59626,23483,22363,39.4,36143,1120,4.8,1394,44745,3.1
1964,Nov,11,1964-11-01,125291,69892,73210,4.5,59694,23462,22298,39.3,36232,1164,5.0,1395,44660,3.1
1964,Dec,12,1964-12-01,125468,69543,72952,4.7,59759,23333,22367,39.0,36426,966,4.1,1676,44496,3.8
1965,Jan,1,1965-01-01,125647,68235,72177,5.5,59816,23104,21950,38.6,36712,1154,5.0,2033,44469,4.6
1965,Feb,2,1965-02-01,125810,68690,72862,5.7,59877,23463,22157,39.2,36414,1306,5.6,2108,44677,4.7
1965,Mar,3,1965-03-01,125985,69385,73084,5.1,59943,23549,22426,39.3,36394,1123,4.8,1835,44709,4.1
1965,Apr,4,1965-04-01,126155,70220,73712,4.7,60000,23646,22613,39.4,36354,1033,4.4,1586,44835,3.5
1965,May,5,1965-05-01,126320,71298,74512,4.3,60061,23823,22883,39.7,36238,940,3.9,1320,45077,2.9
1965,Jun,6,1965-06-01,126499,72278,76335,5.3,60127,23856,22705,39.7,36271,1151,4.8,1317,45384,2.9
1965,Jul,7,1965-07-01,126573,73093,76522,4.5,60110,23311,22298,38.8,36799,1013,4.3,1271,45321,2.8
1965,Aug,8,1965-08-01,126756,72695,75860,4.2,60169,23260,22155,38.7,36909,1105,4.8,1279,45214,2.8
1965,Sep,9,1965-09-01,126906,71408,74250,3.8,60236,23705,22694,39.4,36531,1011,4.3,1094,44782,2.4
1965,Oct,10,1965-10-01,127043,72112,74821,3.6,60303,24153,23190,40.1,36150,963,4.0,1023,44716,2.3
1965,Nov,11,1965-11-01,127171,71824,74712,3.9,60362,24249,23209,40.2,36113,1040,4.3,1108,44606,2.5
1965,Dec,12,1965-12-01,127294,71819,74605,3.7,60425,24122,23284,39.9,36303,838,3.5,1249,44492,2.8
1966,Jan,1,1966-01-01,127394,70368,73612,4.4,60479,23811,22799,39.4,36668,1012,4.3,1529,44270,3.5
1966,Feb,2,1966-02-01,127514,70691,73800,4.2,60535,23968,23005,39.6,36567,963,4.0,1512,44393,3.4
1966,Mar,3,1966-03-01,127626,71090,74080,4.0,60596,24041,23153,39.7,36555,888,3.7,1403,44523,3.2
1966,Apr,4,1966-04-01,127744,72066,74796,3.6,60652,24247,23407,40.0,36405,840,3.5,1103,44681,2.5
1966,May,5,1966-05-01,127879,72619,75412,3.7,60718,24523,23643,40.4,36195,880,3.6,941,44776,2.1
1966,Jun,6,1966-06-01,127983,74037,77629,4.6,60778,24188,23249,39.8,36590,939,3.9,1049,45232,2.3
1966,Jul,7,1966-07-01,128102,74655,77705,3.9,60836,23727,22859,39.0,37109,868,3.7,1035,45161,2.3
1966,Aug,8,1966-08-01,128240,74665,77486,3.6,60941,23912,22911,39.2,37029,1001,4.2,1035,45205,2.3
1966,Sep,9,1966-09-01,128359,73248,75751,3.3,61041,24828,23872,40.7,36213,956,3.9,871,44851,1.9
1966,Oct,10,1966-10-01,128494,73744,76209,3.2,61148,25197,24231,41.2,35951,966,3.8,839,44829,1.9
1966,Nov,11,1966-11-01,128627,73995,76574,3.4,61249,25479,24583,41.6,35770,896,3.5,971,44811,2.2
1966,Dec,12,1966-12-01,128730,73600,76255,3.5,61351,25250,24407,41.2,36101,843,3.3,1149,44717,2.6
1967,Jan,1,1967-01-01,128909,72161,75320,4.2,61454,24955,23775,40.6,36499,1180,4.7,1312,44654,2.9
1967,Feb,2,1967-02-01,129032,72505,75689,4.2,61549,25091,23988,40.8,36458,1103,4.4,1310,44781,2.9
1967,Mar,3,1967-03-01,129190,72560,75514,3.9,61651,24999,23955,40.5,36652,1044,4.2,1262,44778,2.8
1967,Apr,4,1967-04-01,129344,73445,76109,3.5,61748,25270,24298,40.9,36478,972,3.8,1069,45011,2.4
1967,May,5,1967-05-01,129515,73638,76096,3.2,61852,25163,24266,40.7,36689,897,3.6,955,45084,2.1
1967,Jun,6,1967-06-01,129722,75393,79021,4.6,61966,25128,24025,40.6,36838,1103,4.4,1062,45778,2.3
1967,Jul,7,1967-07-01,129918,76220,79469,4.1,62079,24861,23805,40.0,37218,1056,4.2,989,45880,2.2
1967,Aug,8,1967-08-01,130187,76170,79112,3.7,62206,24947,23892,40.1,37259,1055,4.2,986,45955,2.1
1967,Sep,9,1967-09-01,130392,74632,77527,3.7,62307,25903,24616,41.6,36404,1287,5.0,839,45600,1.8
1967,Oct,10,1967-10-01,130582,75180,78132,3.8,62404,26397,25166,42.3,36007,1231,4.7,893,45607,2.0
1967,Nov,11,1967-11-01,130754,75218,78121,3.7,62495,26485,25409,42.4,36010,1076,4.1,968,45579,2.1
1967,Dec,12,1967-12-01,130936,75337,78057,3.5,62586,26496,25567,42.3,36090,929,3.5,1069,45527,2.3
1968,Jan,1,1968-01-01,131112,73272,76346,4.0,62673,25616,24511,40.9,37057,1105,4.3,1319,45245,2.9
1968,Feb,2,1968-02-01,131277,74114,77401,4.2,62760,26084,24957,41.6,36676,1127,4.3,1391,45514,3.1
1968,Mar,3,1968-03-01,131412,74517,77446,3.8,62841,26141,25153,41.6,36700,988,3.8,1219,45483,2.7
1968,Apr,4,1968-04-01,131553,75143,77634,3.2,62921,26118,25215,41.5,36803,903,3.5,969,45615,2.1
1968,May,5,1968-05-01,131712,75931,78235,2.9,63015,26465,25620,42.0,36550,845,3.2,843,45729,1.8
1968,Jun,6,1968-06-01,131872,77273,80888,4.5,63112,26183,25163,41.5,36929,1020,3.9,997,46410,2.1
1968,Jul,7,1968-07-01,132053,77748,80965,4.0,63211,25678,24684,40.6,37533,994,3.9,921,46395,2.0
1968,Aug,8,1968-08-01,132251,77431,80203,3.5,63304,25494,24458,40.3,37810,1036,4.1,913,46373,2.0
1968,Sep,9,1968-09-01,132446,75939,78546,3.3,63397,26427,25377,41.7,36970,1050,4.0,816,45941,1.8
1968,Oct,10,1968-10-01,132617,76365,78875,3.2,63484,26825,25848,42.3,36659,977,3.6,810,45810,1.8
1968,Nov,11,1968-11-01,132903,76608,79184,3.3,63579,27138,26182,42.7,36441,956,3.5,844,45832,1.8
1968,Dec,12,1968-12-01,133120,76699,79117,3.1,63673,27023,26205,42.4,36650,818,3.0,873,45881,1.9
1969,Jan,1,1969-01-01,133324,75357,78232,3.7,63759,26751,25720,42.0,37008,1031,3.9,1142,45619,2.5
1969,Feb,2,1969-02-01,133465,76180,79103,3.7,63827,27229,26168,42.7,36598,1061,3.9,1134,45911,2.5
1969,Mar,3,1969-03-01,133639,76520,79267,3.5,63922,27232,26268,42.6,36690,964,3.5,1048,45959,2.3
1969,Apr,4,1969-04-01,133821,77077,79619,3.2,64013,27337,26370,42.7,36676,967,3.5,901,46048,2.0
1969,May,5,1969-05-01,134027,77265,79565,2.9,64125,27262,26395,42.5,36863,867,3.2,810,46134,1.8
1969,Jun,6,1969-06-01,134213,78958,82357,4.1,64215,27153,26095,42.3,37062,1058,3.9,905,46709,1.9
1969,Jul,7,1969-07-01,134414,79615,82797,3.8,64335,26784,25797,41.6,37551,987,3.7,945,46791,2.0
1969,Aug,8,1969-08-01,134597,79646,82516,3.5,64422,26909,25790,41.8,37513,1119,4.2,886,46981,1.9
1969,Sep,9,1969-09-01,134774,78026,80984,3.7,64509,27711,26509,43.0,36798,1202,4.3,914,46620,2.0
1969,Oct,10,1969-10-01,135012,78671,81511,3.5,64611,28166,27069,43.6,36445,1097,3.9,906,46555,1.9
1969,Nov,11,1969-11-01,135239,78716,81427,3.3,64700,28189,27195,43.6,36511,994,3.5,909,46450,2.0
1969,Dec,12,1969-12-01,135489,78789,81416,3.2,64792,28229,27389,43.6,36563,840,3.0,1052,46430,2.3
1970,Jan,1,1970-01-01,135713,77313,80719,4.2,64871,27945,26859,43.1,36926,1086,3.9,1456,46422,3.1
1970,Feb,2,1970-02-01,135957,77489,81283,4.7,64962,28166,26928,43.4,36796,1238,4.4,1678,46676,3.6
1970,Mar,3,1970-03-01,136179,77957,81689,4.6,65052,28348,27084,43.6,36704,1264,4.5,1606,46856,3.4
1970,Apr,4,1970-04-01,136416,78408,81960,4.3,65140,28381,27210,43.6,36759,1171,4.1,1498,47027,3.2
1970,May,5,1970-05-01,136686,78374,81758,4.1,65246,28040,26835,43.0,37206,1206,4.3,1404,47077,3.0
1970,Jun,6,1970-06-01,136928,79416,84087,5.6,65332,27840,26537,42.6,37492,1303,4.7,1585,47624,3.3
1970,Jul,7,1970-07-01,137196,80343,84857,5.3,65445,27752,26359,42.4,37693,1393,5.0,1669,47731,3.5
1970,Aug,8,1970-08-01,137455,79965,84191,5.0,65552,27719,26256,42.3,37833,1463,5.3,1625,47694,3.4
1970,Sep,9,1970-09-01,137717,78341,82641,5.2,65661,28346,26745,43.2,37315,1601,5.6,1566,47376,3.3
1970,Oct,10,1970-10-01,137988,79019,83288,5.1,65773,28984,27490,44.1,36789,1495,5.2,1641,47371,3.5
1970,Nov,11,1970-11-01,138264,78860,83478,5.5,65881,29108,27547,44.2,36773,1561,5.4,1821,47407,3.8
1970,Dec,12,1970-12-01,138529,78651,83301,5.6,65991,28987,27584,43.9,37004,1404,4.8,2115,47383,4.5
1971,Jan,1,1971-01-01,138795,77389,82818,6.6,66099,28848,27143,43.6,37251,1705,5.9,2553,47387,5.4
1971,Feb,2,1971-02-01,139021,77427,82885,6.6,66190,28876,27137,43.6,37314,1739,6.0,2590,47380,5.5
1971,Mar,3,1971-03-01,139285,77675,82866,6.3,66301,28788,27121,43.4,37513,1667,5.8,2379,47475,5.0
1971,Apr,4,1971-04-01,139566,78404,83116,5.7,66410,28657,27058,43.2,37753,1599,5.6,2079,47684,4.4
1971,May,5,1971-05-01,139826,78929,83344,5.3,66517,28659,27143,43.1,37858,1516,5.3,1914,47816,4.0
1971,Jun,6,1971-06-01,140090,79717,85228,6.5,66623,28243,26619,42.4,38380,1625,5.8,2004,48364,4.1
1971,Jul,7,1971-07-01,140343,80942,86296,6.2,66731,27961,26332,41.9,38770,1629,5.8,1994,48549,4.1
1971,Aug,8,1971-08-01,140596,80897,85984,5.9,66835,28272,26463,42.3,38563,1809,6.4,2001,48621,4.1
1971,Sep,9,1971-09-01,140869,79589,84456,5.8,66952,29202,27371,43.6,37750,1831,6.3,1842,48242,3.8
1971,Oct,10,1971-10-01,141146,80375,84974,5.4,67068,29672,28008,44.2,37396,1665,5.6,1769,48190,3.7
1971,Nov,11,1971-11-01,141393,80527,85374,5.7,67173,29900,28241,44.5,37273,1659,5.5,1939,48209,4.0
1971,Dec,12,1971-12-01,141666,80527,85255,5.5,67284,29772,28316,44.2,37512,1457,4.9,2100,48195,4.4
1972,Jan,1,1972-01-01,142736,79459,84940,6.5,67895,29620,27913,43.6,38275,1707,5.8,2502,48250,5.2
1972,Feb,2,1972-02-01,143017,79734,85180,6.4,68003,29693,28085,43.7,38310,1607,5.4,2478,48346,5.1
1972,Mar,3,1972-03-01,143263,80578,85828,6.1,68102,29872,28256,43.9,38230,1616,5.4,2350,48709,4.8
1972,Apr,4,1972-04-01,143483,81027,85759,5.5,68188,29708,28186,43.6,38480,1522,5.1,2071,48705,4.3
1972,May,5,1972-05-01,143760,81646,86028,5.1,68300,29827,28262,43.7,38473,1565,5.2,1858,48773,3.8
1972,Jun,6,1972-06-01,144033,83073,88540,6.2,68416,29426,27768,43.0,38990,1657,5.6,1921,49561,3.9
1972,Jul,7,1972-07-01,144285,83911,89127,5.9,68534,29214,27497,42.6,39320,1717,5.9,1868,49703,3.8
1972,Aug,8,1972-08-01,144522,83993,88894,5.5,68650,29493,27705,43.0,39157,1789,6.1,1759,49680,3.5
1972,Sep,9,1972-09-01,144761,82537,87242,5.4,68765,30240,28426,44.0,38525,1814,6.0,1625,49385,3.3
1972,Oct,10,1972-10-01,144988,83223,87741,5.1,68875,30654,28956,44.5,38221,1698,5.5,1667,49386,3.4
1972,Nov,11,1972-11-01,145211,83231,87548,4.9,68988,30554,29073,44.3,38434,1481,4.8,1599,49202,3.2
1972,Dec,12,1972-12-01,145446,83424,87593,4.8,69102,30524,29194,44.2,38578,1330,4.4,1684,49248,3.4
1973,Jan,1,1973-01-01,145720,81598,86327,5.5,69213,30190,28544,43.6,39023,1646,5.5,2026,48963,4.1
1973,Feb,2,1973-02-01,145943,82405,87303,5.6,69314,30623,29027,44.2,38691,1596,5.2,2093,49174,4.3
1973,Mar,3,1973-03-01,146230,83397,87961,5.2,69423,30729,29233,44.3,38694,1496,4.9,1957,49546,3.9
1973,Apr,4,1973-04-01,146459,83900,88127,4.8,69527,30767,29382,44.3,38760,1386,4.5,1725,49545,3.5
1973,May,5,1973-05-01,146719,84383,88238,4.4,69643,30793,29492,44.2,38850,1302,4.2,1558,49586,3.1
1973,Jun,6,1973-06-01,146981,86217,91124,5.4,69754,30647,29123,43.9,39107,1524,5.0,1579,50334,3.1
1973,Jul,7,1973-07-01,147233,87042,91655,5.0,69873,30427,28881,43.5,39446,1547,5.1,1484,50554,2.9
1973,Aug,8,1973-08-01,147471,86616,90888,4.7,69988,30561,28929,43.7,39427,1632,5.3,1457,50429,2.9
1973,Sep,9,1973-09-01,147731,85552,89782,4.7,70104,31401,29733,44.8,38703,1668,5.3,1343,50165,2.7
1973,Oct,10,1973-10-01,147980,86717,90547,4.2,70223,31856,30435,45.4,38367,1421,4.5,1281,50338,2.5
1973,Nov,11,1973-11-01,148219,86562,90690,4.6,70337,32045,30570,45.6,38292,1475,4.6,1396,50245,2.8
1973,Dec,12,1973-12-01,148479,86390,90520,4.6,70432,31859,30463,45.2,38573,1396,4.4,1582,50320,3.1
1974,Jan,1,1974-01-01,148753,84843,89924,5.7,70506,31495,29789,44.7,39011,1706,5.4,2094,50381,4.2
1974,Feb,2,1974-02-01,148982,85061,90273,5.8,70615,31840,30126,45.1,38775,1715,5.4,2226,50405,4.4
1974,Mar,3,1974-03-01,149225,85659,90486,5.3,70726,31983,30397,45.2,38743,1586,5.0,2003,50398,4.0
1974,Apr,4,1974-04-01,149478,85994,90366,4.8,70845,31951,30474,45.1,38894,1477,4.6,1855,50403,3.7
1974,May,5,1974-05-01,149750,86611,90830,4.6,70971,31970,30470,45.0,39001,1500,4.7,1624,50623,3.2
1974,Jun,6,1974-06-01,150012,88022,93481,5.8,71090,31788,30140,44.7,39302,1648,5.2,1744,51216,3.4
1974,Jul,7,1974-07-01,150248,88897,94238,5.7,71209,31884,30140,44.8,39325,1745,5.5,1733,51253,3.4
1974,Aug,8,1974-08-01,150493,88479,93446,5.3,71325,31878,30022,44.7,39447,1856,5.8,1805,51393,3.5
1974,Sep,9,1974-09-01,150753,87162,92449,5.7,71426,32675,30607,45.7,38751,2067,6.3,1728,51148,3.4
1974,Oct,10,1974-10-01,151009,87779,92909,5.5,71549,32978,31123,46.1,38571,1856,5.6,1863,51278,3.6
1974,Nov,11,1974-11-01,151256,86863,92638,6.2,71671,33008,30904,46.1,38663,2104,6.4,2146,51078,4.2
1974,Dec,12,1974-12-01,151494,86169,92368,6.7,71788,32962,30901,45.9,38826,2061,6.3,2665,50978,5.2
1975,Jan,1,1975-01-01,151755,83928,92200,9.0,71903,33043,30234,46.0,38860,2809,8.5,3719,51002,7.3
1975,Feb,2,1975-02-01,151990,83573,91972,9.1,72022,32977,30195,45.8,39045,2783,8.4,3950,50997,7.7
1975,Mar,3,1975-03-01,152217,84018,92464,9.1,72134,33208,30460,46.0,38926,2748,8.3,4009,51164,7.8
1975,Apr,4,1975-04-01,152443,84551,92459,8.6,72241,33180,30538,45.9,39061,2642,8.0,3731,51188,7.3
1975,May,5,1975-05-01,152704,85173,92888,8.3,72364,33145,30516,45.8,39219,2628,7.9,3518,51330,6.9
1975,Jun,6,1975-06-01,152976,86507,95174,9.1,72496,32995,30280,45.5,39501,2714,8.2,3501,51792,6.8
1975,Jul,7,1975-07-01,153309,87742,96053,8.7,72669,32808,30109,45.1,39861,2699,8.2,3418,52088,6.6
1975,Aug,8,1975-08-01,153580,87726,95525,8.2,72794,33133,30357,45.5,39661,2776,8.4,3184,52055,6.1
1975,Sep,9,1975-09-01,153848,86399,94023,8.1,72893,33827,31032,46.4,39066,2795,8.3,3141,51707,6.1
1975,Oct,10,1975-10-01,154082,87160,94510,7.8,73007,34343,31671,47.0,38664,2673,7.8,3060,51677,5.9
1975,Nov,11,1975-11-01,154338,86700,94041,7.8,73130,34154,31597,46.7,38976,2558,7.5,3184,51497,6.2
1975,Dec,12,1975-12-01,154589,86689,93995,7.8,73255,34122,31728,46.6,39133,2394,7.0,3297,51435,6.4
1976,Jan,1,1976-01-01,154853,85652,93938,8.8,73373,34245,31461,46.7,39128,2784,8.1,3750,51527,7.3
1976,Feb,2,1976-02-01,155066,85932,94075,8.7,73484,34413,31663,46.8,39071,2751,8.0,3723,51550,7.2
1976,Mar,3,1976-03-01,155306,86769,94400,8.1,73605,34500,31979,46.9,39105,2521,7.3,3473,51651,6.7
1976,Apr,4,1976-04-01,155529,87786,94782,7.4,73712,34468,32096,46.8,39244,2372,6.9,3057,51853,5.9
1976,May,5,1976-05-01,155765,88510,94925,6.8,73832,34362,32160,46.5,39470,2202,6.4,2761,51944,5.3
1976,Jun,6,1976-06-01,156027,89727,97499,8.0,73958,34388,31919,46.5,39570,2469,7.2,3035,52613,5.8
1976,Jul,7,1976-07-01,156276,90908,98605,7.8,74085,34314,31627,46.3,39771,2686,7.8,2981,52849,5.6
1976,Aug,8,1976-08-01,156525,90690,98133,7.6,74212,34616,31801,46.6,39596,2815,8.1,2818,52862,5.3
1976,Sep,9,1976-09-01,156779,89281,96430,7.4,74341,35294,32464,47.5,39047,2831,8.0,2696,52611,5.1
1976,Oct,10,1976-10-01,156993,90041,96999,7.2,74444,35618,32958,47.8,38826,2661,7.5,2710,52673,5.1
1976,Nov,11,1976-11-01,157235,89892,97116,7.4,74569,35806,33217,48.0,38763,2590,7.2,2978,52659,5.7
1976,Dec,12,1976-12-01,157438,89850,97004,7.4,74627,35750,33367,47.9,38877,2383,6.7,3196,52675,6.1
1977,Jan,1,1977-01-01,157688,88217,96197,8.3,74747,35413,32743,47.4,39334,2670,7.5,3611,52537,6.9
1977,Feb,2,1977-02-01,157913,88601,96837,8.5,74863,35746,32975,47.7,39117,2771,7.8,3811,52760,7.2
1977,Mar,3,1977-03-01,158131,89597,97277,7.9,74978,36022,33394,48.0,38956,2628,7.3,3386,52750,6.4
1977,Apr,4,1977-04-01,158371,90660,97352,6.9,75099,36012,33630,48.0,39087,2381,6.6,2855,52747,5.4
1977,May,5,1977-05-01,158657,91475,97755,6.4,75243,36081,33857,48.0,39162,2224,6.2,2637,52922,5.0
1977,Jun,6,1977-06-01,158929,93154,100743,7.5,75381,35880,33324,47.6,39501,2556,7.1,2641,53770,4.9
1977,Jul,7,1977-07-01,159185,93879,100960,7.0,75515,35550,33037,47.1,39965,2512,7.1,2587,53808,4.8
1977,Aug,8,1977-08-01,159430,93846,100744,6.8,75645,35833,33144,47.4,39812,2690,7.5,2532,53897,4.7
1977,Sep,9,1977-09-01,159674,92788,99367,6.6,75768,37036,34311,48.9,38732,2726,7.4,2221,53455,4.2
1977,Oct,10,1977-10-01,159915,93779,100144,6.4,75895,37211,34718,49.0,38684,2493,6.7,2371,53844,4.4
1977,Nov,11,1977-11-01,160129,94027,100522,6.5,76015,37562,35019,49.4,38453,2544,6.8,2387,53829,4.4
1977,Dec,12,1977-12-01,160377,94183,100213,6.0,76142,37377,35147,49.1,38765,2232,6.0,2485,53863,4.6
1978,Jan,1,1978-01-01,160617,92616,99664,7.1,76266,37295,34802,48.9,38971,2494,6.7,2996,53682,5.6
1978,Feb,2,1978-02-01,160831,92755,99641,6.9,76382,37406,35090,49.0,38976,2315,6.2,2979,53653,5.6
1978,Mar,3,1978-03-01,161038,93545,100166,6.6,76490,37656,35440,49.2,38834,2217,5.9,2834,53814,5.3
1978,Apr,4,1978-04-01,161263,94783,100610,5.8,76610,37812,35712,49.4,38798,2100,5.6,2347,53961,4.3
1978,May,5,1978-05-01,161518,95486,101092,5.5,76743,37713,35596,49.1,39030,2116,5.6,2147,54207,4.0
1978,Jun,6,1978-06-01,161795,97530,104010,6.2,76880,37760,35442,49.1,39120,2319,6.1,2097,54940,3.8
1978,Jul,7,1978-07-01,162034,97917,104512,6.3,77014,37537,35045,48.7,39477,2491,6.6,2150,54987,3.9
1978,Aug,8,1978-08-01,162259,97855,103946,5.9,77137,37652,35220,48.8,39485,2432,6.5,2090,54948,3.8
1978,Sep,9,1978-09-01,162502,96790,102748,5.8,77266,38880,36411,50.3,38386,2470,6.4,1952,54636,3.6
1978,Oct,10,1978-10-01,162783,97851,103474,5.4,77401,39253,37062,50.7,38148,2191,5.6,1979,54846,3.6
1978,Nov,11,1978-11-01,163017,97788,103586,5.6,77524,39297,37057,50.7,38227,2241,5.7,2054,54986,3.7
1978,Dec,12,1978-12-01,163272,97669,103565,5.7,77655,39270,37154,50.6,38385,2117,5.4,2309,54999,4.2
1979,Jan,1,1979-01-01,163516,96201,102802,6.4,77779,38915,36546,50.0,38864,2370,6.1,2693,54895,4.9
1979,Feb,2,1979-02-01,163726,96536,103185,6.4,77895,39284,36892,50.4,38611,2392,6.1,2719,55021,4.9
1979,Mar,3,1979-03-01,164027,97282,103606,6.1,78050,39549,37293,50.7,38501,2255,5.7,2596,55067,4.7
1979,Apr,4,1979-04-01,164162,97478,103198,5.5,78121,39188,37110,50.2,38933,2077,5.3,2263,55036,4.1
1979,May,5,1979-05-01,164459,98057,103476,5.2,78281,39175,37128,50.0,39106,2047,5.2,2010,55208,3.6
1979,Jun,6,1979-06-01,164721,99800,106210,6.0,78421,39041,36786,49.8,39380,2255,5.8,2090,55992,3.7
1979,Jul,7,1979-07-01,164970,100814,107096,5.9,78553,39020,36787,49.7,39533,2233,5.7,2217,56257,3.9
1979,Aug,8,1979-08-01,165198,100174,106489,5.9,78677,39468,36928,50.2,39209,2539,6.4,2209,56190,3.9
1979,Sep,9,1979-09-01,165431,99533,105510,5.7,78805,40374,37981,51.2,38431,2394,5.9,2046,55972,3.7
1979,Oct,10,1979-10-01,165813,100120,106084,5.6,78998,40796,38456,51.6,38202,2341,5.7,2152,56060,3.8
1979,Nov,11,1979-11-01,166051,99907,105871,5.6,79127,40805,38574,51.6,38322,2231,5.5,2272,55848,4.1
1979,Dec,12,1979-12-01,166300,100013,106040,5.7,79255,40901,38731,51.6,38354,2171,5.3,2429,55853,4.3
1980,Jan,1,1980-01-01,166544,98111,105344,6.9,79385,40704,38218,51.3,38681,2487,6.1,3206,55797,5.7
1980,Feb,2,1980-02-01,166759,98235,105412,6.8,79506,40836,38388,51.4,38670,2449,6.0,3182,55929,5.7
1980,Mar,3,1980-03-01,166984,98527,105510,6.6,79626,40833,38535,51.3,38793,2300,5.6,3228,55948,5.8
1980,Apr,4,1980-04-01,167197,98569,105592,6.7,79746,40959,38573,51.4,38787,2387,5.8,3322,56040,5.9
1980,May,5,1980-05-01,167407,98732,106233,7.1,79863,40821,38345,51.1,39042,2474,6.1,3410,56371,6.0
1980,Jun,6,1980-06-01,167643,99830,108311,7.8,79996,40549,37881,50.7,39447,2667,6.6,3507,56805,6.2
1980,Jul,7,1980-07-01,167932,100665,109268,7.9,80151,40474,37683,50.5,39677,2791,6.9,3675,57081,6.4
1980,Aug,8,1980-08-01,168103,100202,108404,7.6,80264,40804,37899,50.8,39460,2904,7.1,3547,57019,6.2
1980,Sep,9,1980-09-01,168297,99334,106989,7.2,80383,41537,38801,51.7,38846,2737,6.6,3303,56590,5.8
1980,Oct,10,1980-10-01,168503,99999,107673,7.1,80502,41979,39130,52.1,38523,2849,6.8,3210,56725,5.7
1980,Nov,11,1980-11-01,168695,99850,107532,7.1,80617,42028,39306,52.1,38589,2723,6.5,3308,56646,5.8
1980,Dec,12,1980-12-01,168883,99579,107009,6.9,80732,41750,39138,51.7,38982,2613,6.3,3345,56512,5.9
1981,Jan,1,1981-01-01,169104,98139,106885,8.2,80856,41811,38862,51.7,39045,2950,7.1,4066,56533,7.2
1981,Feb,2,1981-02-01,169280,98401,107015,8.0,80966,42073,39249,52.0,38893,2825,6.7,4043,56548,7.1
1981,Mar,3,1981-03-01,169453,99364,107634,7.7,81076,42284,39567,52.2,38792,2717,6.4,3881,56911,6.8
1981,Apr,4,1981-04-01,169641,100345,107906,7.0,81193,42341,39748,52.1,38852,2593,6.1,3403,56953,6.0
1981,May,5,1981-05-01,169829,100855,108586,7.1,81308,42478,39775,52.2,38830,2703,6.4,3400,57338,5.9
1981,Jun,6,1981-06-01,170042,101419,109904,7.7,81434,42099,39263,51.7,39335,2836,6.7,3392,57522,5.9
1981,Jul,7,1981-07-01,170246,102612,110742,7.3,81561,41986,39048,51.5,39575,2938,7.0,3221,57747,5.6
1981,Aug,8,1981-08-01,170399,102152,110099,7.2,81671,42137,39162,51.6,39534,2975,7.1,3290,57706,5.7
1981,Sep,9,1981-09-01,170593,100389,108273,7.3,81792,42621,39557,52.1,39171,3064,7.2,3145,57219,5.5
1981,Oct,10,1981-10-01,170809,101028,109244,7.5,81920,43422,40330,53.0,38498,3092,7.1,3421,57341,6.0
1981,Nov,11,1981-11-01,170996,100502,109179,7.9,82038,43480,40418,53.0,38558,3063,7.0,3773,57244,6.6
1981,Dec,12,1981-12-01,171166,99562,108574,8.3,82151,43087,40096,52.4,39064,2991,6.9,4343,57305,7.6
1982,Jan,1,1982-01-01,171335,97831,108014,9.4,82260,42873,39603,52.1,39387,3269,7.6,5065,57226,8.9
1982,Feb,2,1982-02-01,171489,97946,108324,9.6,82367,43140,39788,52.4,39227,3352,7.8,5108,57328,8.9
1982,Mar,3,1982-03-01,171667,98471,108761,9.5,82478,43356,40010,52.6,39122,3346,7.7,5167,57585,9.0
1982,Apr,4,1982-04-01,171844,98858,108814,9.1,82591,43267,39939,52.4,39324,3328,7.7,4851,57586,8.4
1982,May,5,1982-05-01,172026,99957,109914,9.1,82707,43550,40144,52.7,39157,3406,7.8,4659,57968,8.0
1982,Jun,6,1982-06-01,172190,100683,111569,9.8,82811,43404,39839,52.4,39407,3565,8.2,4905,58394,8.4
1982,Jul,7,1982-07-01,172364,101490,112526,9.8,82926,43434,39665,52.4,39492,3769,8.7,4940,58559,8.4
1982,Aug,8,1982-08-01,172511,101177,111887,9.6,83035,43648,39831,52.6,39387,3818,8.7,4877,58394,8.4
1982,Sep,9,1982-09-01,172690,99851,110546,9.7,83152,44308,40487,53.3,38844,3821,8.6,4937,58149,8.5
1982,Oct,10,1982-10-01,172881,99825,110767,9.9,83271,44468,40586,53.4,38803,3882,8.7,5137,58193,8.8
1982,Nov,11,1982-11-01,173058,99379,110855,10.4,83385,44566,40620,53.4,38819,3946,8.9,5523,58193,9.5
1982,Dec,12,1982-12-01,173199,98849,110477,10.5,83383,44371,40522,53.2,39012,3849,8.7,5896,58186,10.1
1983,Jan,1,1983-01-01,173354,97262,109779,11.4,83490,44198,40024,52.9,39292,4173,9.4,6481,58009,11.2
1983,Feb,2,1983-02-01,173505,97265,109647,11.3,83593,44219,40219,52.9,39374,4000,9.0,6577,58083,11.3
1983,Mar,3,1983-03-01,173656,97994,109873,10.8,83699,44234,40411,52.8,39465,3823,8.6,6239,58220,10.7
1983,Apr,4,1983-04-01,173794,98840,109875,10.0,83794,44142,40618,52.7,39652,3524,8.0,5793,58262,9.9
1983,May,5,1983-05-01,173953,99543,110308,9.8,83899,44161,40574,52.6,39738,3587,8.1,5437,58458,9.3
1983,Jun,6,1983-06-01,174125,101813,113383,10.2,84008,44249,40394,52.7,39759,3855,8.7,5188,59267,8.8
1983,Jul,7,1983-07-01,174306,103273,113980,9.4,84122,44150,40544,52.5,39972,3606,8.2,4922,59492,8.3
1983,Aug,8,1983-08-01,174440,103167,113578,9.2,84224,44582,40843,52.9,39642,3739,8.4,4765,59351,8.0
1983,Sep,9,1983-09-01,174602,102366,112197,8.8,84333,45467,41847,53.9,38866,3620,8.0,4510,58954,7.7
1983,Oct,10,1983-10-01,174779,102659,112042,8.4,84443,45505,42088,53.9,38938,3417,7.5,4339,58919,7.4
1983,Nov,11,1983-11-01,174951,103018,112147,8.1,84553,45475,42294,53.8,39078,3180,7.0,4365,58996,7.4
1983,Dec,12,1983-12-01,175121,102803,111795,8.0,84666,45246,42191,53.4,39420,3055,6.8,4463,58915,7.6
1984,Jan,1,1984-01-01,175533,101270,111025,8.8,84860,44883,41548,52.9,39977,3335,7.4,4941,58924,8.4
1984,Feb,2,1984-02-01,175679,101961,111368,8.4,84962,45223,42048,53.2,39739,3176,7.0,4743,58964,8.0
1984,Mar,3,1984-03-01,175824,102770,111828,8.1,85064,45454,42363,53.4,39610,3091,6.8,4474,59104,7.6
1984,Apr,4,1984-04-01,175969,103628,112152,7.6,85168,45562,42594,53.5,39606,2969,6.5,4181,59203,7.1
1984,May,5,1984-05-01,176123,105096,113251,7.2,85272,46087,43097,54.0,39185,2990,6.5,3753,59513,6.3
1984,Jun,6,1984-06-01,176284,106812,115393,7.4,85380,45649,42678,53.5,39731,2970,6.5,3639,60224,6.0
1984,Jul,7,1984-07-01,176440,107484,116198,7.5,85488,45746,42499,53.5,39742,3246,7.1,3679,60341,6.1
1984,Aug,8,1984-08-01,176583,106694,115076,7.3,85581,45783,42405,53.5,39798,3378,7.4,3560,60270,5.9
1984,Sep,9,1984-09-01,176763,105792,113843,7.1,85688,46255,43120,54.0,39433,3135,6.8,3449,60003,5.7
1984,Oct,10,1984-10-01,176956,106262,114250,7.0,85793,46784,43559,54.5,39009,3226,6.9,3382,59992,5.6
1984,Nov,11,1984-11-01,177135,106246,114115,6.9,85897,46736,43756,54.4,39161,2980,6.4,3552,59955,5.9
1984,Dec,12,1984-12-01,177306,106049,114028,7.0,85995,46633,43843,54.2,39362,2790,6.0,3831,59920,6.4
1985,Jan,1,1985-01-01,177384,104344,113475,8.0,86015,46625,43322,54.2,39390,3303,7.1,4391,59574,7.4
1985,Feb,2,1985-02-01,177516,104690,113592,7.8,86086,46779,43612,54.3,39307,3167,6.8,4317,59557,7.2
1985,Mar,3,1985-03-01,177667,105768,114394,7.5,86181,47165,44043,54.7,39016,3122,6.6,4112,59825,6.9
1985,Apr,4,1985-04-01,177799,106175,114325,7.1,86274,47044,44042,54.5,39230,3002,6.4,3902,59914,6.5
1985,May,5,1985-05-01,177944,106880,114890,7.0,86380,47028,43939,54.4,39352,3089,6.6,3505,60151,5.8
1985,Jun,6,1985-06-01,178096,107819,116572,7.5,86477,46874,43727,54.2,39603,3148,6.7,3708,60656,6.1
1985,Jul,7,1985-07-01,178263,108854,117536,7.4,86575,46769,43531,54.0,39806,3238,6.9,3571,60718,5.9
1985,Aug,8,1985-08-01,178405,108628,116679,6.9,86652,46980,43622,54.2,39672,3358,7.1,3344,60759,5.5
1985,Sep,9,1985-09-01,178572,107867,115850,6.9,86727,47840,44512,55.2,38887,3328,7.0,3302,60565,5.5
1985,Oct,10,1985-10-01,178770,108428,116346,6.8,86810,48178,45088,55.5,38632,3090,6.4,3326,60661,5.5
1985,Nov,11,1985-11-01,178940,108282,116097,6.7,86901,48088,45136,55.3,38813,2952,6.1,3487,60564,5.8
1985,Dec,12,1985-12-01,179112,108063,115780,6.7,86988,48030,45274,55.2,38958,2757,5.7,3612,60379,6.0
1986,Jan,1,1986-01-01,179670,106959,115431,7.3,87112,47715,44666,54.8,39397,3049,6.4,4089,60734,6.7
1986,Feb,2,1986-02-01,179821,106685,115725,7.8,87185,47847,44610,54.9,39338,3237,6.8,4361,60686,7.2
1986,Mar,3,1986-03-01,179985,107643,116309,7.5,87263,48060,44948,55.1,39203,3111,6.5,4178,60908,6.9
1986,Apr,4,1986-04-01,180148,108201,116317,7.0,87355,48047,45120,55.0,39308,2927,6.1,3791,60801,6.2
1986,May,5,1986-05-01,180311,109041,117199,7.0,87444,48353,45331,55.3,39091,3022,6.2,3690,61102,6.0
1986,Jun,6,1986-06-01,180503,110869,119644,7.3,87547,48510,45408,55.4,39037,3101,6.4,3674,61779,5.9
1986,Jul,7,1986-07-01,180682,111832,120303,7.0,87629,48517,45408,55.4,39112,3109,6.4,3656,61882,5.9
1986,Aug,8,1986-08-01,180828,111515,119471,6.7,87689,48653,45439,55.5,39036,3214,6.6,3345,61689,5.4
1986,Sep,9,1986-09-01,180997,110229,118244,6.8,87779,49217,46051,56.1,38562,3167,6.4,3430,61466,5.6
1986,Oct,10,1986-10-01,181186,110857,118699,6.6,87856,49629,46585,56.5,38227,3044,6.1,3456,61471,5.6
1986,Nov,11,1986-11-01,181363,110751,118623,6.6,87933,49458,46597,56.2,38475,2860,5.8,3636,61654,5.9
1986,Dec,12,1986-12-01,181547,110588,118049,6.3,88016,49057,46512,55.7,38959,2546,5.2,3706,61665,6.0
1987,Jan,1,1987-01-01,181827,109084,117703,7.3,88150,48966,45970,55.5,39184,2996,6.1,4297,61588,7.0
1987,Feb,2,1987-02-01,181998,109464,117967,7.2,88237,49148,46232,55.7,39089,2916,5.9,4192,61548,6.8
1987,Mar,3,1987-03-01,182179,110229,118353,6.9,88321,49374,46531,55.9,38947,2843,5.8,3941,61693,6.4
1987,Apr,4,1987-04-01,182344,111041,118347,6.2,88395,49346,46767,55.8,39049,2579,5.2,3501,61660,5.7
1987,May,5,1987-05-01,182533,112377,119695,6.1,88464,49725,47104,56.2,38739,2621,5.3,3319,62147,5.3
1987,Jun,6,1987-06-01,182703,113498,121153,6.3,88546,49502,46896,55.9,39044,2606,5.3,3320,62503,5.3
1987,Jul,7,1987-07-01,182885,114652,122105,6.1,88632,49564,46811,55.9,39068,2753,5.6,3187,62645,5.1
1987,Aug,8,1987-08-01,183002,114527,121614,5.8,88685,49683,46840,56.0,39002,2843,5.7,2970,62516,4.8
1987,Sep,9,1987-09-01,183161,113027,119884,5.7,88785,50182,47349,56.5,38603,2833,5.6,2783,62157,4.5
1987,Oct,10,1987-10-01,183311,113898,120744,5.7,88843,50721,48076,57.1,38122,2644,5.2,2875,62317,4.6
1987,Nov,11,1987-11-01,183470,113809,120611,5.6,88923,50690,48166,57.0,38233,2525,5.0,2999,62288,4.8
1987,Dec,12,1987-12-01,183620,113679,120206,5.4,89010,50492,48146,56.7,38518,2346,4.6,3040,62075,4.9
1988,Jan,1,1988-01-01,183822,112139,119742,6.3,89110,50317,47633,56.5,38793,2684,5.3,3674,62031,5.9
1988,Feb,2,1988-02-01,183969,112460,119942,6.2,89178,50407,47714,56.5,38771,2693,5.3,3578,62205,5.8
1988,Mar,3,1988-03-01,184111,112867,119957,5.9,89261,50476,48051,56.5,38785,2425,4.8,3432,62238,5.5
1988,Apr,4,1988-04-01,184232,113905,120264,5.3,89307,50465,48162,56.5,38842,2303,4.6,2938,62442,4.7
1988,May,5,1988-05-01,184374,114222,120775,5.4,89382,50426,48018,56.4,38956,2409,4.8,2952,62696,4.7
1988,Jun,6,1988-06-01,184562,116209,123028,5.5,89502,50420,47972,56.3,39082,2448,4.9,2784,63134,4.4
1988,Jul,7,1988-07-01,184729,117066,123888,5.5,89588,50426,47783,56.3,39162,2643,5.2,2697,63320,4.3
1988,Aug,8,1988-08-01,184830,116737,123396,5.4,89670,50637,48003,56.5,39033,2633,5.2,2803,63396,4.4
1988,Sep,9,1988-09-01,184962,115474,121842,5.2,89735,51172,48556,57.0,38563,2616,5.1,2540,62942,4.0
1988,Oct,10,1988-10-01,185114,116250,122432,5.0,89807,51809,49379,57.7,37998,2430,4.7,2618,63023,4.2
1988,Nov,11,1988-11-01,185244,116314,122639,5.2,89887,52100,49721,58.0,37787,2379,4.6,2895,62996,4.6
1988,Dec,12,1988-12-01,185402,115978,122120,5.0,89954,51786,49601,57.6,38168,2186,4.2,2934,62792,4.7
1989,Jan,1,1989-01-01,185644,114786,122095,6.0,90072,51850,49287,57.6,38222,2563,4.9,3485,62926,5.5
1989,Feb,2,1989-02-01,185777,115023,121906,5.6,90153,51675,49279,57.3,38478,2396,4.6,3350,63031,5.3
1989,Mar,3,1989-03-01,185897,115844,122223,5.2,90242,51803,49462,57.4,38439,2341,4.5,3019,63210,4.8
1989,Apr,4,1989-04-01,186024,116347,122576,5.1,90318,51855,49578,57.4,38463,2277,4.4,2940,63370,4.6
1989,May,5,1989-05-01,186181,117039,123196,5.0,90432,52078,49682,57.6,38354,2396,4.6,2602,63500,4.1
1989,Jun,6,1989-06-01,186329,118719,125569,5.5,90526,51918,49392,57.4,38608,2526,4.9,2636,64325,4.1
1989,Jul,7,1989-07-01,186483,119502,126238,5.3,90607,52038,49326,57.4,38569,2712,5.2,2614,64325,4.1
1989,Aug,8,1989-08-01,186598,119092,125444,5.1,90684,52000,49352,57.3,38684,2648,5.1,2564,64167,4.0
1989,Sep,9,1989-09-01,186726,117498,123828,5.1,90771,52558,50040,57.9,38213,2518,4.8,2658,63771,4.2
1989,Oct,10,1989-10-01,186871,118194,124416,5.0,90860,52839,50345,58.2,38021,2494,4.7,2606,63973,4.1
1989,Nov,11,1989-11-01,187017,118168,124664,5.2,90952,53117,50687,58.4,37835,2430,4.6,2887,63919,4.5
1989,Dec,12,1989-12-01,187165,117698,123998,5.1,91042,52761,50459,58.0,38281,2302,4.4,2952,63814,4.6
1990,Jan,1,1990-01-01,188413,116944,124358,6.0,91148,52720,50132,57.8,38428,2588,4.9,3678,64197,5.7
1990,Feb,2,1990-02-01,188516,117192,124487,5.9,91203,52815,50223,57.9,38388,2592,4.9,3541,64298,5.5
1990,Mar,3,1990-03-01,188630,117986,124838,5.5,91280,52847,50430,57.9,38433,2417,4.6,3341,64468,5.2
1990,Apr,4,1990-04-01,188778,118218,124837,5.3,91359,52889,50507,57.9,38470,2382,4.5,3196,64498,5.0
1990,May,5,1990-05-01,188913,119148,125682,5.2,91451,53213,50809,58.2,38238,2404,4.5,2924,64812,4.5
1990,Jun,6,1990-06-01,189058,120523,127407,5.4,91531,53006,50577,57.9,38525,2429,4.6,2896,65346,4.4
1990,Jul,7,1990-07-01,189188,120882,128019,5.6,91615,52969,50281,57.8,38646,2688,5.1,2979,65388,4.6
1990,Aug,8,1990-08-01,189342,120096,127105,5.5,91747,53098,50266,57.9,38649,2832,5.3,2982,65333,4.6
1990,Sep,9,1990-09-01,189528,118782,125785,5.6,91838,53422,50584,58.2,38416,2838,5.3,3000,65134,4.6
1990,Oct,10,1990-10-01,189710,119175,126067,5.5,91956,53650,50986,58.3,38306,2664,5.0,3053,65184,4.7
1990,Nov,11,1990-11-01,189872,118463,125858,5.9,92079,53524,50837,58.1,38555,2688,5.0,3499,65205,5.4
1990,Dec,12,1990-12-01,190017,118110,125635,6.0,92162,53419,50789,58.0,38743,2630,4.9,3776,65134,5.8
1991,Jan,1,1991-01-01,190163,115837,124623,7.1,92287,53134,50165,57.6,39153,2968,5.6,4494,64677,6.9
1991,Feb,2,1991-02-01,190271,115941,125061,7.3,92331,53323,50314,57.8,39008,3009,5.6,4865,64952,7.5
1991,Mar,3,1991-03-01,190381,116440,125435,7.2,92389,53389,50427,57.8,39000,2962,5.5,4723,65158,7.2
1991,Apr,4,1991-04-01,190517,117472,125698,6.5,92465,53589,50815,58.0,38876,2774,5.2,4268,65291,6.5
1991,May,5,1991-05-01,190650,117428,125863,6.7,92558,53627,50587,57.9,38931,3040,5.7,4008,65186,6.1
1991,Jun,6,1991-06-01,190800,119151,128143,7.0,92639,53766,50601,58.0,38873,3165,5.9,4026,65848,6.1
1991,Jul,7,1991-07-01,190946,119666,128458,6.8,92745,53519,50416,57.7,39226,3104,5.8,3986,65896,6.0
1991,Aug,8,1991-08-01,191116,118758,127197,6.6,92826,53523,50210,57.7,39303,3313,6.2,3855,65587,5.9
1991,Sep,9,1991-09-01,191302,118156,126426,6.5,92923,54004,50826,58.1,38919,3178,5.9,3836,65640,5.8
1991,Oct,10,1991-10-01,191497,118404,126636,6.5,93021,54286,51144,58.4,38735,3142,5.8,3785,65464,5.8
1991,Nov,11,1991-11-01,191657,117972,126466,6.7,93116,54210,51081,58.2,38906,3129,5.8,4078,65432,6.2
1991,Dec,12,1991-12-01,191798,117395,126150,6.9,93193,54126,51019,58.1,39067,3107,5.7,4417,65352,6.8
1992,Jan,1,1992-01-01,191953,115928,126114,8.1,93291,54192,50795,58.1,39099,3397,6.3,5506,65466,8.4
1992,Feb,2,1992-02-01,192067,116024,126425,8.2,93377,54312,50865,58.2,39065,3447,6.3,5568,65621,8.5
1992,Mar,3,1992-03-01,192204,116929,126843,7.8,93423,54566,51238,58.4,38857,3328,6.1,5218,65874,7.9
1992,Apr,4,1992-04-01,192354,117776,126911,7.2,93483,54599,51369,58.4,38884,3229,5.9,4748,65975,7.2
1992,May,5,1992-05-01,192503,118388,127777,7.3,93584,54638,51352,58.4,38946,3286,6.0,4680,66357,7.1
1992,Jun,6,1992-06-01,192663,119831,130197,8.0,93653,54940,51364,58.7,38713,3577,6.5,4676,66848,7.0
1992,Jul,7,1992-07-01,192826,120744,130844,7.7,93730,55019,51220,58.7,38711,3799,6.9,4505,66838,6.7
1992,Aug,8,1992-08-01,193018,120070,129676,7.4,93825,54835,50968,58.4,38990,3867,7.1,4385,66642,6.6
1992,Sep,9,1992-09-01,193229,118880,128196,7.3,93923,54939,51284,58.5,38984,3655,6.7,4224,66380,6.4
1992,Oct,10,1992-10-01,193442,119185,127998,6.9,94012,55043,51683,58.5,38969,3360,6.1,4233,66269,6.4
1992,Nov,11,1992-11-01,193621,119159,128245,7.1,94099,55243,51933,58.7,38856,3310,6.0,4383,66188,6.6
1992,Dec,12,1992-12-01,193784,118990,128035,7.1,94215,55228,51860,58.6,38987,3369,6.1,4478,66097,6.8
1993,Jan,1,1993-01-01,193962,117027,127186,8.0,94282,54842,51199,58.2,39440,3643,6.6,5197,65963,7.9
1993,Feb,2,1993-02-01,194108,117646,127651,7.8,94369,54908,51488,58.2,39461,3419,6.2,5215,66213,7.9
1993,Mar,3,1993-03-01,194248,118350,127829,7.4,94413,54968,51860,58.2,39445,3108,5.7,5033,66369,7.6
1993,Apr,4,1993-04-01,194398,118781,127616,6.9,94465,54875,51757,58.1,39590,3118,5.7,4431,66225,6.7
1993,May,5,1993-05-01,194549,120142,128949,6.8,94509,55233,52087,58.4,39276,3146,5.7,4203,66694,6.3
1993,Jun,6,1993-06-01,194719,121587,131060,7.2,94550,55470,52085,58.7,39080,3385,6.1,4190,67177,6.2
1993,Jul,7,1993-07-01,194882,122352,131574,7.0,94664,55259,51801,58.4,39405,3458,6.3,4119,67236,6.1
1993,Aug,8,1993-08-01,195063,122018,130673,6.6,94739,55318,51850,58.4,39421,3468,6.3,3932,67071,5.9
1993,Sep,9,1993-09-01,195259,120673,128975,6.4,94837,55499,52169,58.5,39338,3330,6.0,3763,66654,5.6
1993,Oct,10,1993-10-01,195444,121389,129685,6.4,94923,55953,52709,58.9,38970,3244,5.8,3767,66871,5.6
1993,Nov,11,1993-11-01,195625,121568,129662,6.2,94977,56146,53011,59.1,38831,3135,5.6,3703,66609,5.6
1993,Dec,12,1993-12-01,195794,121578,129537,6.1,95040,56180,53175,59.1,38860,3005,5.3,3891,66626,5.8
1994,Jan,1,1994-01-01,195953,119901,129393,7.3,95109,56177,52715,59.1,38932,3462,6.2,4733,66412,7.1
1994,Feb,2,1994-02-01,196090,120503,129764,7.1,95159,56480,53208,59.4,38679,3272,5.8,4699,66483,7.1
1994,Mar,3,1994-03-01,196213,120844,129718,6.8,95225,56440,53165,59.3,38785,3275,5.8,4333,66513,6.5
1994,Apr,4,1994-04-01,196363,121604,129682,6.2,95282,56219,53281,59.0,39063,2938,5.2,3780,66458,5.7
1994,May,5,1994-05-01,196510,122946,130602,5.9,95329,56569,53676,59.3,38760,2894,5.1,3374,66742,5.1
1994,Jun,6,1994-06-01,196693,123864,132115,6.2,95407,56342,53236,59.1,39065,3106,5.5,3367,66985,5.0
1994,Jul,7,1994-07-01,196859,124503,132783,6.2,95469,56320,53169,59.0,39149,3150,5.6,3503,67138,5.2
1994,Aug,8,1994-08-01,197043,124493,132361,5.9,95544,56586,53296,59.2,38958,3289,5.8,3335,67176,5.0
1994,Sep,9,1994-09-01,197248,123775,131155,5.6,95658,57175,54039,59.8,38483,3136,5.5,3059,66996,4.6
1994,Oct,10,1994-10-01,197430,124724,131879,5.4,95729,57302,54473,59.9,38427,2829,4.9,3098,67392,4.6
1994,Nov,11,1994-11-01,197607,124896,131869,5.3,95821,57444,54667,59.9,38377,2776,4.8,3125,67364,4.6
1994,Dec,12,1994-12-01,197765,124729,131418,5.1,95873,56871,54404,59.3,39002,2467,4.3,3125,67388,4.6
1995,Jan,1,1995-01-01,197753,122597,130698,6.2,95961,56697,53753,59.1,39264,2944,5.2,3958,67044,5.9
1995,Feb,2,1995-02-01,197886,123343,131028,5.9,96020,56952,54165,59.3,39068,2787,4.9,3615,67060,5.4
1995,Mar,3,1995-03-01,198007,123943,131423,5.7,96037,56971,54221,59.3,39066,2749,4.8,3550,67312,5.3
1995,Apr,4,1995-04-01,198148,124278,131657,5.6,96099,57131,54369,59.5,38968,2762,4.8,3336,67288,5.0
1995,May,5,1995-05-01,198286,124554,131739,5.5,96141,56885,54307,59.2,39256,2578,4.5,3212,67312,4.8
1995,Jun,6,1995-06-01,198453,125720,133447,5.8,96204,56700,53799,58.9,39504,2900,5.1,3051,67600,4.5
1995,Jul,7,1995-07-01,198615,126548,134440,5.9,96265,57149,54050,59.4,39116,3100,5.4,3077,67610,4.6
1995,Aug,8,1995-08-01,198801,125926,133383,5.6,96327,57065,53963,59.2,39262,3102,5.4,3052,67446,4.5
1995,Sep,9,1995-09-01,199005,125173,132341,5.4,96409,57520,54586,59.7,38889,2934,5.1,2957,67374,4.4
1995,Oct,10,1995-10-01,199192,125979,132863,5.2,96487,57978,55113,60.1,38509,2864,4.9,2762,67473,4.1
1995,Nov,11,1995-11-01,199355,125599,132622,5.3,96555,58026,55374,60.1,38529,2652,4.6,3100,67203,4.6
1995,Dec,12,1995-12-01,199508,125136,132008,5.2,96633,57506,55049,59.5,39127,2456,4.3,3203,67164,4.8
1996,Jan,1,1996-01-01,199634,123126,131396,6.3,96717,57352,54264,59.3,39365,3088,5.4,3861,66990,5.8
1996,Feb,2,1996-02-01,199773,124137,131995,6.0,96757,57579,54805,59.5,39178,2774,4.8,3834,67355,5.7
1996,Mar,3,1996-03-01,199921,124992,132692,5.8,96798,57811,55109,59.7,38987,2701,4.7,3749,67753,5.5
1996,Apr,4,1996-04-01,200101,125388,132513,5.4,96857,57636,55081,59.5,39221,2555,4.4,3328,67625,4.9
1996,May,5,1996-05-01,200278,126391,133558,5.4,96925,57735,55058,59.6,39190,2677,4.6,3133,68095,4.6
1996,Jun,6,1996-06-01,200459,127706,135083,5.5,96999,57644,54903,59.4,39355,2741,4.8,2964,68439,4.3
1996,Jul,7,1996-07-01,200641,128579,136272,5.6,97064,57933,54880,59.7,39131,3052,5.3,3020,68639,4.4
1996,Aug,8,1996-08-01,200847,128143,135011,5.1,97146,57992,55026,59.7,39154,2966,5.1,2665,68390,3.9
1996,Sep,9,1996-09-01,201061,127529,134230,5.0,97226,58548,55776,60.2,38678,2772,4.7,2788,68140,4.1
1996,Oct,10,1996-10-01,201273,128439,135015,4.9,97290,58902,56179,60.5,38388,2723,4.6,2641,68495,3.9
1996,Nov,11,1996-11-01,201463,128157,134973,5.0,97366,59100,56395,60.7,38266,2705,4.6,2874,68375,4.2
1996,Dec,12,1996-12-01,201636,127903,134583,5.0,97457,58893,56253,60.4,38564,2640,4.5,2901,68227,4.3
1997,Jan,1,1997-01-01,202285,126384,134317,5.9,97520,58637,55739,60.1,38883,2898,4.9,3736,68429,5.5
1997,Feb,2,1997-02-01,202389,126887,134535,5.7,97571,58720,55931,60.2,38851,2788,4.7,3523,68447,5.1
1997,Mar,3,1997-03-01,202513,128125,135524,5.5,97638,59160,56442,60.6,38478,2718,4.6,3435,68937,5.0
1997,Apr,4,1997-04-01,202674,128629,135181,4.8,97685,58794,56388,60.2,38891,2406,4.1,2976,68933,4.3
1997,May,5,1997-05-01,202832,129565,135963,4.7,97767,58984,56464,60.3,38783,2520,4.3,2582,69146,3.7
1997,Jun,6,1997-06-01,203000,130463,137557,5.2,97834,58908,56263,60.2,38926,2645,4.5,2721,69549,3.9
1997,Jul,7,1997-07-01,203166,131350,138331,5.0,97919,58952,56243,60.2,38967,2708,4.6,2653,69614,3.8
1997,Aug,8,1997-08-01,203364,130865,137460,4.8,98000,59123,56311,60.3,38877,2811,4.8,2571,69571,3.7
1997,Sep,9,1997-09-01,203570,129972,136375,4.7,98082,59705,57038,60.9,38377,2666,4.5,2556,69204,3.7
1997,Oct,10,1997-10-01,203767,130671,136665,4.4,98144,59777,57397,60.9,38367,2380,4.0,2506,69361,3.6
1997,Nov,11,1997-11-01,203941,130999,136912,4.3,98212,59787,57495,60.9,38425,2292,3.8,2504,69455,3.6
1997,Dec,12,1997-12-01,204098,130785,136742,4.4,98300,59834,57647,60.9,38466,2187,3.7,2826,69350,4.1
1998,Jan,1,1998-01-01,204238,128882,135951,5.2,98420,59425,56674,60.4,38995,2750,4.6,3202,69013,4.6
1998,Feb,2,1998-02-01,204400,129482,136286,5.0,98471,59606,57011,60.5,38865,2595,4.4,3055,69104,4.4
1998,Mar,3,1998-03-01,204547,130150,136967,5.0,98534,59869,57316,60.8,38665,2554,4.3,3093,69356,4.5
1998,Apr,4,1998-04-01,204731,130735,136379,4.1,98583,59345,57131,60.2,39238,2213,3.7,2453,69480,3.5
1998,May,5,1998-05-01,204899,131476,137240,4.2,98668,59434,57216,60.2,39234,2218,3.7,2339,69752,3.4
1998,Jun,6,1998-06-01,205085,132265,138798,4.7,98735,59277,56828,60.0,39458,2449,4.1,2437,69968,3.5
1998,Jul,7,1998-07-01,205270,132769,139336,4.7,98778,59101,56569,59.8,39677,2532,4.3,2582,70202,3.7
1998,Aug,8,1998-08-01,205479,132206,138379,4.5,98901,59426,56786,60.1,39475,2639,4.4,2359,69823,3.4
1998,Sep,9,1998-09-01,205699,131864,137903,4.4,98994,60059,57610,60.7,38935,2449,4.1,2401,69817,3.4
1998,Oct,10,1998-10-01,205919,132424,138255,4.2,99037,60224,57898,60.8,38813,2326,3.9,2278,70051,3.3
1998,Nov,11,1998-11-01,206104,132577,138288,4.1,99135,60326,58024,60.9,38809,2302,3.8,2256,70065,3.2
1998,Dec,12,1998-12-01,206270,132732,138297,4.0,99181,60337,58273,60.8,38844,2065,3.4,2510,69949,3.6
1999,Jan,1,1999-01-01,206719,131339,137943,4.8,99686,60547,58100,60.7,39139,2447,4.0,2908,69687,4.2
1999,Feb,2,1999-02-01,206873,131639,138202,4.7,99746,60608,58210,60.8,39138,2398,4.0,3016,69746,4.3
1999,Mar,3,1999-03-01,207036,132299,138418,4.4,99833,60780,58400,60.9,39053,2381,3.9,2597,69781,3.7
1999,Apr,4,1999-04-01,207236,132552,138240,4.1,99923,60604,58354,60.7,39319,2250,3.7,2385,69848,3.4
1999,May,5,1999-05-01,207427,133411,138919,4.0,100008,60609,58524,60.6,39399,2086,3.4,2331,70069,3.3
1999,Jun,6,1999-06-01,207632,134395,140666,4.5,100131,60748,58351,60.7,39383,2397,3.9,2342,70486,3.3
1999,Jul,7,1999-07-01,207828,134800,141119,4.5,100203,60409,57837,60.3,39794,2573,4.3,2400,70612,3.4
1999,Aug,8,1999-08-01,208038,134264,140090,4.2,100285,60568,58093,60.4,39717,2475,4.1,2299,70509,3.3
1999,Sep,9,1999-09-01,208265,133555,139217,4.1,100385,61053,58753,60.8,39332,2299,3.8,2208,70286,3.1
1999,Oct,10,1999-10-01,208483,134390,139761,3.8,100458,61292,59238,61.0,39166,2054,3.4,2226,70401,3.2
1999,Nov,11,1999-11-01,208666,134515,139895,3.8,100573,61440,59314,61.1,39133,2127,3.5,2148,70441,3.0
1999,Dec,12,1999-12-01,208832,134696,139941,3.7,100666,61426,59491,61.0,39240,1935,3.2,2335,70460,3.3
2000,Jan,1,2000-01-01,211410,134912,141228,4.5,102205,62171,59724,60.8,40034,2447,3.9,2829,71351,4.0
2000,Feb,2,2000-02-01,211576,135490,141775,4.4,102313,62292,60029,60.9,40021,2263,3.6,2886,71645,4.0
2000,Mar,3,2000-03-01,211772,136054,142123,4.3,102371,62621,60298,61.2,39750,2324,3.7,2676,71647,3.7
2000,Apr,4,2000-04-01,212018,136927,142138,3.7,102495,62535,60510,61.0,39960,2024,3.2,2242,71693,3.1
2000,May,5,2000-05-01,212242,136685,142144,3.8,102639,62275,60050,60.7,40364,2225,3.6,2215,71774,3.1
2000,Jun,6,2000-06-01,212466,137915,143874,4.1,102737,62099,59700,60.4,40638,2399,3.9,2175,72227,3.0
2000,Jul,7,2000-07-01,212677,137769,143797,4.2,102860,61768,59285,60.1,41092,2483,4.0,2228,72237,3.1
2000,Aug,8,2000-08-01,212916,137308,143171,4.1,102966,61660,59091,59.9,41306,2570,4.2,2165,72449,3.0
2000,Sep,9,2000-09-01,213163,136790,142149,3.8,103090,62298,60091,60.4,40792,2207,3.5,2155,72102,3.0
2000,Oct,10,2000-10-01,213405,137532,142685,3.6,103226,62509,60532,60.6,40717,1977,3.2,2202,72329,3.0
2000,Nov,11,2000-11-01,213540,137461,142797,3.7,103184,62559,60523,60.6,40625,2036,3.3,2272,72350,3.1
2000,Dec,12,2000-12-01,213736,137846,143110,3.7,103389,62829,60968,60.8,40560,1861,3.0,2466,72321,3.4
2001,Jan,1,2001-01-01,213888,136181,142828,4.7,103449,62948,60518,60.8,40501,2430,3.9,3109,72262,4.3
2001,Feb,2,2001-02-01,214110,136577,143100,4.6,103525,63148,60787,61.0,40377,2362,3.7,3064,72296,4.2
2001,Mar,3,2001-03-01,214305,137155,143664,4.5,103649,63568,61249,61.3,40081,2319,3.6,3117,72455,4.3
2001,Apr,4,2001-04-01,214525,137022,143026,4.2,103764,62928,60718,60.6,40836,2210,3.5,2802,72658,3.9
2001,May,5,2001-05-01,214732,137121,143023,4.1,103847,62887,60613,60.6,40960,2274,3.6,2634,72636,3.6
2001,Jun,6,2001-06-01,214950,137737,144553,4.7,103947,62519,60000,60.1,41428,2519,4.0,2761,72868,3.8
2001,Jul,7,2001-07-01,215180,138239,145097,4.7,104003,62421,59749,60.0,41582,2671,4.3,2782,73082,3.8
2001,Aug,8,2001-08-01,215420,136809,143826,4.9,104113,62607,59676,60.1,41506,2931,4.7,2931,72991,4.0
2001,Sep,9,2001-09-01,215665,136835,143601,4.7,104239,63103,60283,60.5,41136,2820,4.5,2845,73056,3.9
2001,Oct,10,2001-10-01,215903,136885,144060,5.0,104347,63257,60441,60.6,41090,2816,4.5,3192,73212,4.4
2001,Nov,11,2001-11-01,216117,136370,143987,5.3,104422,63353,60431,60.7,41069,2921,4.6,3492,73070,4.8
2001,Dec,12,2001-12-01,216315,136269,144042,5.4,104490,63452,60540,60.7,41038,2912,4.6,3745,73207,5.1
2002,Jan,1,2002-01-01,216506,134177,143228,6.3,104553,63205,59927,60.5,41348,3278,5.2,4556,72964,6.2
2002,Feb,2,2002-02-01,216663,135443,144266,6.1,104668,63897,60636,61.0,40771,3261,5.1,4364,73186,6.0
2002,Mar,3,2002-03-01,216823,135558,144334,6.1,104752,63712,60520,60.8,41040,3192,5.0,4350,73279,5.9
2002,Apr,4,2002-04-01,217006,135903,144158,5.7,104871,63616,60422,60.7,41255,3194,5.0,3917,73439,5.3
2002,May,5,2002-05-01,217198,136559,144527,5.5,104977,63499,60334,60.5,41478,3165,5.0,3597,73701,4.9
2002,Jun,6,2002-06-01,217407,137181,145940,6.0,105089,63232,59905,60.2,41857,3327,5.3,3707,73878,5.0
2002,Jul,7,2002-07-01,217630,137495,146189,5.9,105190,63059,59564,59.9,42131,3495,5.5,3626,73942,4.9
2002,Aug,8,2002-08-01,217866,137295,145565,5.7,105334,63419,59962,60.2,41915,3457,5.5,3550,73968,4.8
2002,Sep,9,2002-09-01,218107,137377,145167,5.4,105421,63908,60732,60.6,41513,3176,5.0,3462,73976,4.7
2002,Oct,10,2002-10-01,218340,137551,145320,5.3,105509,64084,60947,60.7,41425,3137,4.9,3579,73950,4.8
2002,Nov,11,2002-11-01,218548,136684,144854,5.6,105594,64043,60986,60.7,41551,3058,4.8,3885,73611,5.3
2002,Dec,12,2002-12-01,218741,136599,144807,5.7,105678,64100,61103,60.7,41578,2997,4.7,4163,73666,5.7
2003,Jan,1,2003-01-01,219897,135907,145301,6.5,106235,64578,61294,60.8,41657,3284,5.1,4895,73896,6.6
2003,Feb,2,2003-02-01,220114,136433,145693,6.4,106322,64622,61278,60.8,41700,3344,5.2,4688,74206,6.3
2003,Mar,3,2003-03-01,220317,136783,145801,6.2,106411,64877,61592,61.0,41534,3285,5.1,4528,74208,6.1
2003,Apr,4,2003-04-01,220540,137424,145925,5.8,106510,64696,61595,60.7,41814,3101,4.8,4245,74504,5.7
2003,May,5,2003-05-01,220768,137567,146067,5.8,106613,64678,61507,60.7,41935,3170,4.9,4072,74410,5.5
2003,Jun,6,2003-06-01,221014,138468,148117,6.5,106724,64809,61326,60.7,41915,3483,5.4,4281,74843,5.7
2003,Jul,7,2003-07-01,221252,138503,147822,6.3,106839,64316,60731,60.2,42523,3584,5.6,4119,74852,5.5
2003,Aug,8,2003-08-01,221507,138137,146967,6.0,106957,64521,60859,60.3,42436,3663,5.7,3994,74727,5.3
2003,Sep,9,2003-09-01,221779,137731,146166,5.8,107080,64627,61193,60.4,42453,3434,5.3,3850,74773,5.1
2003,Oct,10,2003-10-01,222039,138619,146787,5.6,107197,65022,61777,60.7,42175,3245,5.0,3815,74955,5.1
2003,Nov,11,2003-11-01,222279,138700,146969,5.6,107303,64997,61853,60.6,42306,3144,4.8,4058,75125,5.4
2003,Dec,12,2003-12-01,222509,138556,146501,5.4,107404,64855,61823,60.4,42549,3031,4.7,3960,74984,5.3
2004,Jan,1,2004-01-01,222161,136924,146068,6.3,107131,64434,61050,60.1,42697,3385,5.3,4594,74965,6.1
2004,Feb,2,2004-02-01,222357,137384,146154,6.0,107216,64832,61592,60.5,42384,3240,5.0,4402,74719,5.9
2004,Mar,3,2004-03-01,222550,137691,146525,6.0,107299,65036,61703,60.6,42263,3333,5.1,4405,74991,5.9
2004,Apr,4,2004-04-01,222757,138423,146260,5.4,107389,64853,61841,60.4,42536,3012,4.6,3746,74806,5.0
2004,May,5,2004-05-01,222967,138867,146659,5.3,107483,64807,61872,60.3,42676,2935,4.5,3659,74965,4.9
2004,Jun,6,2004-06-01,223196,139861,148478,5.8,107586,64751,61373,60.2,42835,3378,5.2,3620,75592,4.8
2004,Jul,7,2004-07-01,223422,140700,149217,5.7,107687,64642,61224,60.0,43045,3418,5.3,3514,75876,4.6
2004,Aug,8,2004-08-01,223677,140226,148166,5.4,107801,64535,61277,59.9,43266,3259,5.0,3470,75798,4.6
2004,Sep,9,2004-09-01,223941,139641,147186,5.1,107920,65032,61952,60.3,42888,3081,4.7,3382,75426,4.5
2004,Oct,10,2004-10-01,224192,140447,147978,5.1,108032,65327,62321,60.5,42705,3006,4.6,3393,75744,4.5
2004,Nov,11,2004-11-01,224422,140581,148246,5.2,108129,65446,62492,60.5,42683,2954,4.5,3584,75857,4.7
2004,Dec,12,2004-12-01,224640,140278,147877,5.1,108221,65383,62581,60.4,42838,2802,4.3,3727,75625,4.9
2005,Jan,1,2005-01-01,224837,138682,147125,5.7,108316,65253,62117,60.2,43063,3136,4.8,4218,75322,5.6
2005,Feb,2,2005-02-01,225041,139100,147649,5.8,108403,65411,62292,60.3,42992,3119,4.8,4228,75640,5.6
2005,Mar,3,2005-03-01,225236,139759,147745,5.4,108486,65225,62295,60.1,43261,2930,4.5,3909,75802,5.2
2005,Apr,4,2005-04-01,225441,140939,148274,4.9,108573,65513,62644,60.3,43060,2869,4.4,3297,76068,4.3
2005,May,5,2005-05-01,225670,141591,148878,4.9,108672,65505,62642,60.3,43167,2863,4.4,3149,76391,4.1
2005,Jun,6,2005-06-01,225911,142456,150327,5.2,108776,65254,62105,60.0,43522,3148,4.8,3136,76772,4.1
2005,Jul,7,2005-07-01,226153,143283,151122,5.2,108880,65411,62072,60.1,43469,3339,5.1,3073,77024,4.0
2005,Aug,8,2005-08-01,226421,143142,150469,4.9,108996,65384,62306,60.0,43612,3078,4.7,3058,77119,4.0
2005,Sep,9,2005-09-01,226693,142579,149838,4.8,109114,66247,63153,60.7,42867,3095,4.7,3132,76769,4.1
2005,Oct,10,2005-10-01,226959,143340,150304,4.6,109228,66480,63551,60.9,42748,2930,4.4,2990,76978,3.9
2005,Nov,11,2005-11-01,227204,142968,150239,4.8,109332,66510,63572,60.8,42822,2938,4.4,3163,76756,4.1
2005,Dec,12,2005-12-01,227425,142918,149874,4.6,109425,66376,63669,60.7,43049,2707,4.1,3355,76670,4.4
2006,Jan,1,2006-01-01,227553,141481,149090,5.1,109478,65929,62997,60.2,43549,2933,4.4,3648,76513,4.8
2006,Feb,2,2006-02-01,227763,141994,149686,5.1,109562,66151,63306,60.4,43411,2845,4.3,3765,76753,4.9
2006,Mar,3,2006-03-01,227975,142772,150027,4.8,109646,66068,63405,60.3,43578,2663,4.0,3514,77125,4.6
2006,Apr,4,2006-04-01,228199,143405,150209,4.5,109736,66215,63547,60.3,43521,2668,4.0,3177,77275,4.1
2006,May,5,2006-05-01,228428,144041,150696,4.4,109829,66251,63695,60.3,43578,2556,3.9,3090,77446,4.0
2006,Jun,6,2006-06-01,228671,145216,152557,4.8,109927,66344,63502,60.4,43583,2842,4.3,2917,77608,3.8
2006,Jul,7,2006-07-01,228912,145606,153208,5.0,110026,66553,63430,60.5,43473,3123,4.7,3041,77723,3.9
2006,Aug,8,2006-08-01,229167,145379,152465,4.6,110134,66535,63606,60.4,43599,2929,4.4,2955,77928,3.8
2006,Sep,9,2006-09-01,229420,145010,151635,4.4,110241,66886,64028,60.7,43355,2858,4.3,2667,77866,3.4
2006,Oct,10,2006-10-01,229675,146125,152397,4.1,110349,67268,64728,61.0,43081,2540,3.8,2725,78145,3.5
2006,Nov,11,2006-11-01,229905,146014,152590,4.3,110445,67408,64778,61.0,43037,2630,3.9,2914,78161,3.7
2006,Dec,12,2006-12-01,230108,146081,152571,4.3,110528,67412,64988,61.0,43116,2424,3.6,3158,78198,4.0
2007,Jan,1,2007-01-01,230650,144275,151924,5.0,110803,67270,64473,60.7,43533,2797,4.2,3845,77991,4.9
2007,Feb,2,2007-02-01,230834,144479,151879,4.9,110880,67270,64703,60.7,43610,2567,3.8,3802,77986,4.9
2007,Mar,3,2007-03-01,231034,145323,152236,4.5,110964,67453,64975,60.8,43511,2478,3.7,3480,78217,4.4
2007,Apr,4,2007-04-01,231253,145297,151829,4.3,111057,66973,64530,60.3,44084,2443,3.6,3097,78315,4.0
2007,May,5,2007-05-01,231480,145864,152350,4.3,111157,67121,64715,60.4,44036,2406,3.6,2985,78522,3.8
2007,Jun,6,2007-06-01,231713,146958,154252,4.7,111259,67198,64473,60.4,44061,2724,4.1,3008,78767,3.8
2007,Jul,7,2007-07-01,231958,147315,154871,4.9,111367,67293,64184,60.4,44074,3110,4.6,3131,79078,4.0
2007,Aug,8,2007-08-01,232211,146406,153493,4.6,111479,67319,64311,60.4,44160,3008,4.5,2972,78793,3.8
2007,Sep,9,2007-09-01,232461,146448,153400,4.5,111590,68026,65170,61.0,43564,2855,4.2,3039,78667,3.9
2007,Oct,10,2007-10-01,232715,146743,153516,4.4,111703,67970,65241,60.8,43733,2729,4.0,3052,78805,3.9
2007,Nov,11,2007-11-01,232939,147118,154035,4.5,111805,68188,65449,61.0,43617,2739,4.0,3095,79113,3.9
2007,Dec,12,2007-12-01,233156,146334,153705,4.8,111903,68116,65359,60.9,43787,2757,4.0,3597,78893,4.6
2008,Jan,1,2008-01-01,232616,144607,152828,5.4,111739,67913,64943,60.8,43826,2970,4.4,4075,78463,5.2
2008,Feb,2,2008-02-01,232809,144550,152503,5.2,111822,67793,64943,60.6,44029,2851,4.2,4013,78378,5.1
2008,Mar,3,2008-03-01,232995,145108,153135,5.2,111902,68115,65142,60.9,43787,2974,4.4,4071,78691,5.2
2008,Apr,4,2008-04-01,233198,145921,153208,4.8,111990,68053,65329,60.8,43937,2724,4.0,3584,78632,4.6
2008,May,5,2008-05-01,233405,145927,154003,5.2,112083,68124,65115,60.8,43959,3008,4.4,3708,78859,4.7
2008,Jun,6,2008-06-01,233627,146649,155582,5.7,112183,68227,64904,60.8,43956,3323,4.9,3829,79231,4.8
2008,Jul,7,2008-07-01,233864,146867,156300,6.0,112290,68072,64526,60.6,44218,3546,5.2,4110,79752,5.2
2008,Aug,8,2008-08-01,234107,145909,155387,6.1,112401,68440,64462,60.9,43961,3979,5.8,4171,79476,5.2
2008,Sep,9,2008-09-01,234360,145310,154509,6.0,112518,68635,65149,61.0,43883,3486,5.1,4463,79307,5.6
2008,Oct,10,2008-10-01,234612,145543,155012,6.1,112633,69059,65439,61.3,43574,3620,5.2,4598,79462,5.8
2008,Nov,11,2008-11-01,234828,144609,154624,6.5,112731,69108,65317,61.3,43623,3791,5.5,4960,79243,6.3
2008,Dec,12,2008-12-01,235035,143350,154349,7.1,112825,69042,65204,61.2,43783,3838,5.6,5984,79071,7.6
2009,Jan,1,2009-01-01,234739,140436,153445,8.5,112738,68654,64123,60.9,44084,4531,6.6,7185,78741,9.1
2009,Feb,2,2009-02-01,234913,140105,153804,8.9,112824,68738,64106,60.9,44086,4632,6.7,7662,78879,9.7
2009,Mar,3,2009-03-01,235086,139833,153728,9.0,112908,68883,64123,61.0,44025,4760,6.9,7842,78826,9.9
2009,Apr,4,2009-04-01,235271,140586,153834,8.6,112999,68957,64318,61.0,44042,4639,6.7,7343,78811,9.3
2009,May,5,2009-05-01,235452,140363,154336,9.1,113089,68751,63809,60.8,44338,4942,7.2,7511,79156,9.5
2009,Jun,6,2009-06-01,235655,140826,155921,9.7,113189,68906,63480,60.9,44283,5426,7.9,7507,79245,9.5
2009,Jul,7,2009-07-01,235870,141055,156255,9.7,113296,68993,63182,60.9,44303,5811,8.4,7427,79337,9.4
2009,Aug,8,2009-08-01,236087,140074,154897,9.6,113405,68830,63091,60.7,44575,5739,8.3,7403,79132,9.4
2009,Sep,9,2009-09-01,236322,139079,153617,9.5,113522,68947,63398,60.7,44575,5549,8.0,7437,78661,9.5
2009,Oct,10,2009-10-01,236550,139088,153635,9.5,113636,68946,63541,60.7,44690,5404,7.8,7596,78857,9.6
2009,Nov,11,2009-11-01,236743,139132,153539,9.4,113737,69049,63787,60.7,44688,5262,7.6,7611,78723,9.7
2009,Dec,12,2009-12-01,236924,137953,152693,9.7,113832,68617,63430,60.3,45215,5187,7.6,8141,78392,10.4
2010,Jan,1,2010-01-01,236832,136809,152957,10.6,113796,68991,63437,60.6,44805,5553,8.0,9113,78451,11.6
2010,Feb,2,2010-02-01,236998,137203,153194,10.4,113886,68940,63459,60.5,44946,5481,8.0,9072,78678,11.5
2010,Mar,3,2010-03-01,237159,137983,153660,10.2,113974,68967,63537,60.5,45007,5430,7.9,8821,79059,11.2
2010,Apr,4,2010-04-01,237329,139302,153911,9.5,114066,69101,63746,60.6,44965,5355,7.7,7895,79122,10.0
2010,May,5,2010-05-01,237499,139497,153866,9.3,114160,68859,63506,60.3,45301,5352,7.8,7433,79088,9.4
2010,Jun,6,2010-06-01,237690,139882,154767,9.6,114264,68761,63277,60.2,45503,5484,8.0,7428,79201,9.4
2010,Jul,7,2010-07-01,237890,140134,155270,9.7,114372,68717,62775,60.1,45655,5942,8.6,7287,79356,9.2
2010,Aug,8,2010-08-01,238099,139919,154678,9.5,114481,68766,62845,60.1,45715,5921,8.6,7211,79426,9.1
2010,Sep,9,2010-09-01,238322,139715,153854,9.2,114596,69269,63653,60.4,45327,5616,8.1,7103,79081,9.0
2010,Oct,10,2010-10-01,238530,139749,153652,9.0,114704,69131,63645,60.3,45573,5487,7.9,6899,78859,8.7
2010,Nov,11,2010-11-01,238715,139415,153698,9.3,114801,69374,63779,60.4,45427,5595,8.1,7352,78822,9.3
2010,Dec,12,2010-12-01,238889,139159,153156,9.1,114894,68999,63809,60.1,45895,5190,7.5,7545,78780,9.6
2011,Jan,1,2011-01-01,238704,137599,152536,9.8,114637,68842,63300,60.1,45795,5542,8.1,7986,78346,10.2
2011,Feb,2,2011-02-01,238851,138093,152635,9.5,114714,68728,63277,59.9,45986,5451,7.9,7829,78672,10.0
2011,Mar,3,2011-03-01,239000,138962,153022,9.2,114792,68903,63681,60.0,45889,5223,7.6,7581,78788,9.6
2011,Apr,4,2011-04-01,239146,139661,152898,8.7,114868,68863,63733,59.9,46005,5130,7.4,6880,78702,8.7
2011,May,5,2011-05-01,239313,140028,153449,8.7,114954,68728,63423,59.8,46226,5305,7.7,6796,79223,8.6
2011,Jun,6,2011-06-01,239489,140129,154538,9.3,115045,68459,62811,59.5,46586,5648,8.3,6897,79324,8.7
2011,Jul,7,2011-07-01,239671,140384,154812,9.3,115138,68512,62603,59.5,46626,5909,8.6,6734,79322,8.5
2011,Aug,8,2011-08-01,239871,140335,154344,9.1,115238,68617,62746,59.5,46621,5870,8.6,6567,79362,8.3
2011,Sep,9,2011-09-01,240071,140502,154022,8.8,115338,69266,63529,60.1,46072,5737,8.3,6427,79224,8.1
2011,Oct,10,2011-10-01,240269,140987,154088,8.5,115437,69208,63837,60.0,46229,5371,7.8,6405,79329,8.1
2011,Nov,11,2011-11-01,240441,141070,153683,8.2,115526,68850,63710,59.6,46676,5140,7.5,6195,79378,7.8
2011,Dec,12,2011-12-01,240584,140681,153373,8.3,115602,68746,63676,59.5,46856,5070,7.4,6477,79288,8.2
2012,Jan,1,2012-01-01,242269,139944,153485,8.8,117082,69513,64062,59.4,47569,5451,7.8,6818,78710,8.7
2012,Feb,2,2012-02-01,242435,140684,154114,8.7,117170,69823,64486,59.6,47347,5337,7.6,6834,78986,8.7
2012,Mar,3,2012-03-01,242604,141412,154316,8.4,117260,69755,64756,59.5,47505,4998,7.2,6608,79175,8.3
2012,Apr,4,2012-04-01,242784,141995,153905,7.7,117353,69643,64822,59.3,47710,4820,6.9,5829,78839,7.4
2012,May,5,2012-05-01,242966,142727,154998,7.9,117448,69775,64840,59.4,47673,4936,7.1,5945,79511,7.5
2012,Jun,6,2012-06-01,243155,143202,156385,8.4,117546,69610,64288,59.2,47936,5322,7.6,5998,79733,7.5
2012,Jul,7,2012-07-01,243354,143126,156526,8.6,117648,69402,63703,59.0,48246,5700,8.2,5894,79758,7.4
2012,Aug,8,2012-08-01,243566,142558,155255,8.2,117760,69502,64023,59.0,48258,5480,7.9,5700,79436,7.2
2012,Sep,9,2012-09-01,243772,143333,155075,7.6,117869,70026,65058,59.4,47843,4968,7.1,5455,79516,6.9
2012,Oct,10,2012-10-01,243983,144039,155779,7.5,117980,70277,65316,59.6,47703,4961,7.1,5457,79873,6.8
2012,Nov,11,2012-11-01,244174,143549,154953,7.4,118079,69873,65175,59.2,48206,4698,6.7,5433,79554,6.8
2012,Dec,12,2012-12-01,244350,143060,154904,7.6,118170,69980,65152,59.2,48190,4828,6.9,5836,79552,7.3
2013,Jan,1,2013-01-01,244663,141614,154794,8.5,118348,69778,64589,59.0,48570,5189,7.4,6678,79583,8.4
2013,Feb,2,2013-02-01,244828,142228,154727,8.1,118433,69865,64973,59.0,48568,4891,7.0,6262,79511,7.9
2013,Mar,3,2013-03-01,244995,142698,154512,7.6,118520,69675,65038,58.8,48845,4637,6.7,5941,79529,7.5
2013,Apr,4,2013-04-01,245175,143724,154739,7.1,118612,69833,65533,58.9,48779,4300,6.2,5509,79551,6.9
2013,May,5,2013-05-01,245363,144432,155734,7.3,118708,69955,65611,58.9,48753,4343,6.2,5559,80015,6.9
2013,Jun,6,2013-06-01,245552,144841,157089,7.8,118804,69899,64981,58.8,48905,4918,7.0,5469,80186,6.8
2013,Jul,7,2013-07-01,245756,145113,157196,7.7,118907,69656,64754,58.6,49251,4902,7.0,5421,80275,6.8
2013,Aug,8,2013-08-01,245959,144509,155971,7.3,119018,69821,65129,58.7,49197,4692,6.7,5381,79902,6.7
2013,Sep,9,2013-09-01,246168,144651,155536,7.0,119131,70153,65748,58.9,48978,4405,6.3,5297,79824,6.6
2013,Oct,10,2013-10-01,246381,144144,154918,7.0,119246,69968,65565,58.7,49278,4403,6.3,5178,79468,6.5
2013,Nov,11,2013-11-01,246567,144775,155046,6.6,119341,69912,65775,58.6,49429,4137,5.9,5058,79743,6.3
2013,Dec,12,2013-12-01,246745,144423,154408,6.5,119433,69809,65849,58.5,49624,3960,5.7,5060,79335,6.4
2014,Jan,1,2014-01-01,246915,143526,154381,7.0,119497,70003,65775,58.6,49494,4228,6.0,5562,79310,7.0
2014,Feb,2,2014-02-01,247085,144134,155027,7.0,119583,70493,66319,58.9,49090,4175,5.9,5645,79528,7.1
2014,Mar,3,2014-03-01,247258,145090,155627,6.8,119669,70402,66170,58.8,49267,4232,6.0,5238,79949,6.6
2014,Apr,4,2014-04-01,247439,145767,154845,5.9,119760,70100,66452,58.5,49660,3648,5.2,4512,79571,5.7
2014,May,5,2014-05-01,247622,146398,155841,6.1,119852,70274,66466,58.6,49578,3809,5.4,4562,80020,5.7
2014,Jun,6,2014-06-01,247814,147104,156997,6.3,119948,69795,65952,58.2,50153,3843,5.5,4440,80458,5.5
2014,Jul,7,2014-07-01,248023,147265,157573,6.5,120052,69853,65468,58.2,50199,4386,6.3,4439,80684,5.5
2014,Aug,8,2014-08-01,248229,146647,156434,6.3,120156,69898,65631,58.2,50258,4266,6.1,4366,80486,5.4
2014,Sep,9,2014-09-01,248446,146941,155903,5.7,120265,70228,66335,58.4,50037,3893,5.5,3993,80278,5.0
2014,Oct,10,2014-10-01,248657,147936,156616,5.5,120370,70701,66900,58.7,49669,3800,5.4,3843,80241,4.8
2014,Nov,11,2014-11-01,248844,147666,156297,5.5,120465,70743,67176,58.7,49722,3567,5.0,4152,80074,5.2
2014,Dec,12,2014-12-01,249027,147190,155521,5.4,120557,70058,66797,58.1,50499,3262,4.7,4267,80068,5.3
2015,Jan,1,2015-01-01,249723,146552,156050,6.1,120970,70554,66894,58.3,50416,3660,5.2,4815,80179,6.0
2015,Feb,2,2015-02-01,249899,147118,156213,5.8,121060,70526,67058,58.3,50534,3468,4.9,4723,80394,5.9
2015,Mar,3,2015-03-01,250080,147635,156318,5.6,121152,70374,67022,58.1,50778,3352,4.8,4411,80533,5.5
2015,Apr,4,2015-04-01,250266,148587,156554,5.1,121246,70509,67303,58.2,50737,3206,4.5,3921,80670,4.9
2015,May,5,2015-05-01,250455,149349,157719,5.3,121342,70874,67493,58.4,50468,3381,4.8,3965,81102,4.9
2015,Jun,6,2015-06-01,250663,149645,158283,5.5,121445,70436,67003,58.0,51009,3433,4.9,3759,81074,4.6
2015,Jul,7,2015-07-01,250876,149722,158527,5.6,121551,70339,66485,57.9,51212,3854,5.5,3779,81320,4.6
2015,Aug,8,2015-08-01,251096,149228,157390,5.2,121660,70460,66874,57.9,51200,3585,5.1,3581,80892,4.4
2015,Sep,9,2015-09-01,251325,148980,156607,4.9,121773,70633,67394,58.0,51140,3239,4.6,3523,80633,4.4
2015,Oct,10,2015-10-01,251541,149716,157313,4.8,121880,71093,67885,58.3,50787,3209,4.5,3559,80817,4.4
2015,Nov,11,2015-11-01,251747,149766,157340,4.8,121979,71482,68335,58.6,50497,3147,4.4,3637,80548,4.5
2015,Dec,12,2015-12-01,251936,149703,157245,4.8,122071,71055,68131,58.2,51016,2924,4.1,3836,80663,4.8
2016,Jan,1,2016-01-01,252397,149037,157347,5.3,122263,71242,67904,58.3,51021,3338,4.7,4087,80731,5.1
2016,Feb,2,2016-02-01,252577,150060,158279,5.2,122345,71518,68305,58.5,50827,3213,4.5,4158,81306,5.1
2016,Mar,3,2016-03-01,252768,150738,158854,5.1,122433,71700,68451,58.6,50733,3248,4.5,4020,81659,4.9
2016,Apr,4,2016-04-01,252969,151075,158488,4.7,122524,71329,68346,58.2,51195,2983,4.2,3628,81655,4.4
2016,May,5,2016-05-01,253174,151594,158800,4.5,122622,71366,68496,58.2,51256,2870,4.0,3396,81637,4.2
2016,Jun,6,2016-06-01,253397,151990,160135,5.1,122728,71057,67769,57.9,51671,3288,4.6,3536,82209,4.3
2016,Jul,7,2016-07-01,253620,152437,160705,5.1,122835,71092,67702,57.9,51743,3389,4.8,3698,82393,4.5
2016,Aug,8,2016-08-01,253854,151804,159800,5.0,122949,71290,67776,58.0,51659,3514,4.9,3487,82048,4.2
2016,Sep,9,2016-09-01,254091,151977,159636,4.8,123066,71902,68709,58.4,51164,3193,4.4,3561,82020,4.3
2016,Oct,10,2016-10-01,254321,152335,159783,4.7,123179,72061,68997,58.5,51118,3064,4.3,3527,82065,4.3
2016,Nov,11,2016-11-01,254540,152385,159451,4.4,123285,72109,69203,58.5,51176,2906,4.0,3347,81751,4.1
2016,Dec,12,2016-12-01,254742,151798,158968,4.5,123383,71794,68984,58.2,51589,2810,3.9,3656,81640,4.5
2017,Jan,1,2017-01-01,254082,150527,158676,5.1,123052,71663,68423,58.2,51389,3240,4.5,4068,81551,5.0
2017,Feb,2,2017-02-01,254246,151594,159482,4.9,123131,72230,69157,58.7,50901,3072,4.3,4002,81782,4.9
2017,Mar,3,2017-03-01,254414,152628,159912,4.6,123212,72354,69559,58.7,50858,2795,3.9,3752,81924,4.6
2017,Apr,4,2017-04-01,254588,153262,159817,4.1,123296,72181,69474,58.5,51115,2707,3.8,3096,82019,3.8
2017,May,5,2017-05-01,254767,153407,159979,4.1,123386,72085,69340,58.4,51301,2745,3.8,3004,82130,3.7
2017,Jun,6,2017-06-01,254957,154086,161337,4.5,123480,71844,68855,58.2,51636,2989,4.2,3126,82394,3.8
2017,Jul,7,2017-07-01,255151,154470,161911,4.6,123577,72127,68860,58.4,51450,3267,4.5,3199,82656,3.9
2017,Aug,8,2017-08-01,255357,153576,160863,4.5,123679,72045,68835,58.3,51634,3210,4.5,3219,82474,3.9
2017,Sep,9,2017-09-01,255562,154494,161049,4.1,123781,72670,69820,58.7,51111,2849,3.9,2972,82633,3.6
2017,Oct,10,2017-10-01,255766,154223,160465,3.9,123882,72443,69872,58.5,51439,2571,3.5,2925,82455,3.5
2017,Nov,11,2017-11-01,255949,154180,160466,3.9,123975,72673,70163,58.6,51302,2509,3.5,2909,82257,3.5
2017,Dec,12,2017-12-01,256109,153602,159880,3.9,124057,72237,69775,58.2,51820,2462,3.4,3168,82193,3.9
2018,Jan,1,2018-01-01,256780,152848,160037,4.5,124328,72095,69378,58.0,52233,2717,3.8,3670,82431,4.5
2018,Feb,2,2018-02-01,256934,154403,161494,4.4,124407,72791,70029,58.5,51616,2762,3.8,3501,83053,4.2
2018,Mar,3,2018-03-01,257097,154877,161548,4.1,124491,72780,70178,58.5,51711,2602,3.6,3352,83162,4.0
2018,Apr,4,2018-04-01,257272,155348,161280,3.7,124579,72573,70266,58.3,52006,2307,3.2,2983,83225,3.6
2018,May,5,2018-05-01,257454,156009,161765,3.6,124674,72599,70341,58.2,52075,2258,3.1,2761,83458,3.3
2018,Jun,6,2018-06-01,257642,156465,163277,4.2,124771,72848,70045,58.4,51923,2802,3.8,2972,83470,3.6
2018,Jul,7,2018-07-01,257843,157004,163734,4.1,124875,73004,69975,58.5,51871,3028,4.1,2734,83534,3.3
2018,Aug,8,2018-08-01,258066,155539,161909,3.9,124983,72782,69880,58.2,52201,2902,4.0,2731,83140,3.3
2018,Sep,9,2018-09-01,258290,156191,161958,3.6,125091,73280,70858,58.6,51811,2422,3.3,2658,83115,3.2
2018,Oct,10,2018-10-01,258514,156952,162723,3.5,125200,73683,71270,58.9,51517,2412,3.3,2694,83332,3.2
2018,Nov,11,2018-11-01,258708,157015,162665,3.5,125299,73820,71438,58.9,51479,2383,3.2,2596,83231,3.1
2018,Dec,12,2018-12-01,258888,156481,162510,3.7,125393,73768,71422,58.8,51625,2345,3.2,3066,83101,3.7
2019,Jan,1,2019-01-01,258239,154964,162104,4.4,125099,73485,70731,58.7,51614,2754,3.7,3635,83139,4.4
2019,Feb,2,2019-02-01,258392,156167,162793,4.1,125177,73942,71396,59.1,51235,2546,3.4,3318,83435,4.0
2019,Mar,3,2019-03-01,258537,156441,162823,3.9,125252,73658,71259,58.8,51594,2399,3.3,3308,83603,4.0
2019,Apr,4,2019-04-01,258693,156710,162097,3.3,125332,73382,71327,58.6,51950,2055,2.8,2703,83415,3.2
2019,May,5,2019-05-01,258861,157152,162655,3.4,125419,73263,71072,58.4,52156,2191,3.0,2594,83785,3.1
2019,Jun,6,2019-06-01,259037,157828,164120,3.8,125509,73297,70714,58.4,52212,2583,3.5,2663,83837,3.2
2019,Jul,7,2019-07-01,259225,158385,164941,4.0,125604,73269,70415,58.3,52335,2853,3.9,2723,84284,3.2
2019,Aug,8,2019-08-01,259432,157816,164019,3.8,125705,73756,70983,58.7,51949,2773,3.8,2667,83939,3.2
2019,Sep,9,2019-09-01,259638,158478,163943,3.3,125806,74501,72204,59.2,51305,2297,3.1,2488,83837,3.0
2019,Oct,10,2019-10-01,259845,159067,164576,3.3,125907,74891,72584,59.5,51016,2307,3.1,2534,83967,3.0
2019,Nov,11,2019-11-01,260020,158945,164386,3.3,125998,74695,72426,59.3,51303,2269,3.0,2506,83970,3.0
2019,Dec,12,2019-12-01,260181,158504,164007,3.4,126082,74730,72534,59.3,51352,2196,2.9,2688,83628,3.2
2020,Jan,1,2020-01-01,259502,156994,163497,4.0,125770,74320,71785,59.1,51450,2535,3.4,3241,83600,3.9
2020,Feb,2,2020-02-01,259628,158017,164235,3.8,125841,74768,72413,59.4,51073,2355,3.1,3212,83804,3.8
2020,Mar,3,2020-03-01,259758,155167,162537,4.5,125915,73789,70908,58.6,52126,2881,3.9,3726,83174,4.5
2020,Apr,4,2020-04-01,259896,133326,155830,14.4,125991,70790,60124,56.2,55201,10666,15.1,10338,80379,12.9
2020,May,5,2020-05-01,260047,137461,157975,13.0,126072,71316,61630,56.6,54756,9686,13.6,9164,81240,11.3
2020,Jun,6,2020-06-01,260204,142811,160883,11.2,126155,72214,63925,57.2,53941,8289,11.5,8201,82203,10.0
2020,Jul,7,2020-07-01,260373,144492,161374,10.5,126243,72404,64384,57.4,53839,8020,11.1,7597,82353,9.2
2020,Aug,8,2020-08-01,260558,147224,160966,8.5,126336,72415,65997,57.3,53921,6418,8.9,6376,82554,7.7
2020,Sep,9,2020-09-01,260742,147796,160073,7.7,126429,72129,66547,57.1,54300,5582,7.7,5781,82248,7.0
2020,Oct,10,2020-10-01,260925,150433,161053,6.6,126520,72728,68109,57.5,53792,4619,6.4,5245,82575,6.4
2020,Nov,11,2020-11-01,261085,150203,160468,6.4,126604,72695,68407,57.4,53909,4289,5.9,5230,82134,6.4
2020,Dec,12,2020-12-01,261230,149613,160017,6.5,126681,72558,68248,57.3,54123,4309,5.9,5305,81877,6.5
2021,Jan,1,2021-01-01,260851,148383,159234,6.8,126507,71975,67538,56.9,54532,4437,6.2,5562,81801,6.8
2021,Feb,2,2021-02-01,260918,149522,160008,6.6,126546,72445,68163,57.2,54101,4283,5.9,5410,81978,6.6
2021,Mar,3,2021-03-01,261003,150493,160397,6.2,126594,72818,68730,57.5,53776,4088,5.6,5120,81992,6.2
